1.9589,0.13682,-1.2359
-0.87139,0.6126,1.2803
0.068314,1.2078,-0.21124
0.011728,1.0884,0.95524
-0.48432,0.58317,-1.0296
-0.69014,0.64166,-1.354
1.7222,1.0309,-1.4652
1.6124,1.4946,-1.2351
1.5411,0.06491,0.38718
-0.3229,0.16299,-0.56205
0.93022,-0.30438,-1.3975
0.92216,0.45375,0.13267
-0.13208,0.31282,-1.0414
1.3043,0.16153,0.8992
1.7395,0.70403,0.33888
1.0786,-0.0061462,1.3624
1.4748,0.7516,1.5414
1.8321,0.95342,1.5087
0.17928,-0.026317,-1.499
-0.50745,0.32862,-0.24729
-0.64977,0.15281,0.85966
0.94416,-0.13741,-0.99779
0.47034,0.50478,0.23567
0.88984,0.91437,-0.49854
-0.30959,0.066504,-1.2228
2.0708,1.4019,-0.44383
-0.90237,-0.046249,1.2834
0.13467,1.206,-1.1169
1.2066,0.94949,-1.0356
0.30621,1.3606,-1.1356
0.93059,0.048489,0.94293
0.92183,0.59998,-1.1155
1.8741,-0.30412,-1.1549
-0.66598,-0.15309,0.37508
1.6971,0.47116,0.547
1.2534,0.58626,-0.35204
1.6272,0.57494,0.82329
1.7529,1.4867,-0.8633
-0.16446,1.4989,-0.7801
1.0064,0.61239,-0.52067
0.38704,-0.22028,0.78035
0.84015,0.4278,0.093124
2.0267,-0.34123,0.70469
1.1726,1.2579,-1.2694
-0.10624,0.77218,0.101
-0.90948,-0.33816,-0.92962
1.0925,1.3282,-1.4591
-0.6858,0.3702,-1.44
1.4104,1.5349,1.328
0.58818,0.8512,0.3269
-0.85778,1.5488,0.35188
-0.54228,0.47267,1.0673
1.8047,0.19961,-1.2191
1.1045,0.11656,-1.3705
1.6444,-0.041247,-1.2159
-0.084858,1.1211,1.3239
-0.75742,1.3885,-0.45424
0.073519,0.87612,1.4236
-0.48323,0.54559,-0.26464
1.3878,0.75406,-0.91856
1.5068,1.5214,0.58351
1.3956,-0.32812,0.001502
0.40431,0.90819,-0.67088
0.7941,0.99029,-0.5185
1.2418,1.3194,1.4138
-0.00096611,1.5278,-0.55267
1.4419,0.91913,-0.39909
-0.031299,1.4018,-1.1594
-0.1811,1.0136,-0.82478
-0.16244,1.4848,0.59477
-0.1731,0.17644,-1.4004
0.28404,1.2418,0.039897
0.28077,1.0314,0.90565
1.2668,0.6143,-1.3335
0.64717,0.90626,-0.97028
1.8638,0.45159,-1.062
1.3256,-0.31947,-0.72346
2.0715,1.5281,-1.3107
1.4777,0.61421,-0.83655
-0.89544,0.19334,0.098103
1.8302,1.4139,-0.80167
0.21114,0.9601,-0.2762
-0.88265,0.52942,1.4458
-0.88883,1.2577,0.47451
0.88636,1.3735,1.4047
-0.72388,-0.012406,-0.11683
-0.18171,0.68377,0.53698
0.23885,0.23266,0.26722
0.52957,1.3979,1.5227
0.72819,0.4671,-1.0644
1.4651,0.6286,0.17813
1.256,-0.0057342,0.9661
0.87198,0.94247,0.052509
0.27063,0.49132,1.4471
2.0843,1.4918,-0.515
1.1966,1.5576,-0.31738
1.1143,1.0319,0.2413
-0.49596,1.2803,0.40885
0.55488,1.2154,1.0675
0.45343,0.32144,1.2348
-0.08632,0.83559,-1.3333
1.977,0.51848,-1.5144
0.14565,0.0014622,-1.2667
-0.57854,0.77912,0.79229
-0.9454,0.55987,-1.1897
-0.66061,-0.11803,0.84424
1.7496,1.1798,-1.3115
0.85037,0.11916,0.40183
1.8567,-0.254,-1.2347
1.0242,0.97834,-0.55241
-0.48607,-0.32587,0.43257
1.7547,1.2214,-0.73476
-0.95663,0.5034,0.92114
1.2914,1.2258,0.31294
1.7162,1.0279,-0.99798
1.0058,-0.059749,-0.87167
0.21596,1.0508,-0.79245
0.69557,0.58007,-1.5152
-0.79308,1.0765,0.70165
-0.80379,0.4101,0.0048047
0.77516,0.42382,1.0595
1.0485,0.88379,1.1658
0.36443,0.60502,0.37927
-0.86062,0.32113,-1.2565
-0.90501,0.046293,-0.027112
1.7991,0.42984,1.2158
-0.34286,0.71671,0.016389
-0.94696,-0.22008,1.1348
0.71653,0.86506,-0.95765
0.45582,0.17294,1.3288
-0.20659,0.3509,-0.93676
-0.65962,1.5038,1.0759
0.3157,0.44355,0.72919
-0.2385,-0.22478,-0.79898
1.3395,0.30996,-1.0299
1.7955,1.1921,-0.64393
1.7814,0.10339,0.40251
0.067567,-0.19465,0.88861
0.39217,1.0084,-0.92882
0.0049596,0.58718,-0.4762
-0.61743,1.4195,0.52796
0.76429,0.2165,0.15982
1.621,1.2237,0.43773
-0.1037,0.41479,1.4963
1.7114,0.22236,-0.046628
0.13251,0.73371,-0.37324
-0.20147,0.65342,0.014695
-1.0031,0.72086,0.57231
1.8254,0.089567,0.86678
0.14438,1.1975,0.82311
1.7086,1.493,0.28858
-0.55183,0.67142,0.38623
1.2131,0.48392,0.096141
1.0908,1.4972,0.60671
-0.69152,1.2446,-1.5603
-1.04,-0.2317,1.1905
-0.10774,0.45958,1.4536
-0.057235,0.80646,-0.79509
-0.71121,1.3259,-0.42585
-0.3305,-0.028098,0.36572
0.039796,-0.2658,-0.36699
-0.41403,-0.12408,-0.25167
-0.57602,1.4534,-1.3996
1.1428,0.24303,1.502
0.40568,-0.11544,-0.68853
-0.58746,1.3921,0.92052
0.6181,0.99185,-1.4253
-0.54473,0.4697,0.05528
0.68663,1.5587,-0.28599
-0.67504,1.1825,-1.3364
0.41365,0.96119,0.70653
1.6632,-0.11549,0.17528
-0.80601,1.174,-0.75196
-0.037712,0.5728,-0.12365
0.26864,0.0063524,-0.33557
0.43156,0.81242,0.00044865
0.52394,1.0519,-0.83742
1.8815,0.071521,-0.33847
1.5489,0.79838,-0.12247
-0.43885,-0.13467,-0.22706
0.55281,1.2988,0.52733
1.7302,0.40775,0.74494
-0.93139,0.93224,-0.34677
0.12045,0.66433,0.54585
1.3809,1.5149,0.14894
0.83948,0.76976,1.3173
1.2917,-0.21491,-1.3125
0.62001,-0.31218,0.37497
-0.6158,0.69175,-0.25141
0.17313,0.40447,-0.33395
-1.0297,1.4655,0.97901
-0.12449,0.058817,-0.86528
-0.18648,1.2628,1.4661
1.6391,0.028012,-1.2955
-0.59053,0.70358,1.3974
-0.45432,1.3174,0.7019
1.0757,0.97044,-0.24282
0.80829,0.73192,1.3043
0.035983,-0.26016,-0.13975
-0.49961,0.10744,0.98772
0.3633,0.88304,-0.2098
0.52083,0.27666,0.27413
1.3776,-0.14631,1.0441
1.0147,1.3968,0.19971
0.072021,0.1407,1.4855
0.99454,0.98923,0.40269
1.9607,0.9264,0.89775
0.74971,1.3498,0.34535
-0.49013,0.90761,0.90001
-0.90473,0.5332,0.64636
1.9421,0.88329,-0.31392
-0.26857,0.81961,0.20234
0.10812,-0.23514,0.38333
-0.88066,0.46289,1.2208
0.66902,0.25612,0.020881
1.757,0.50592,-0.17148
-0.75622,0.73846,-0.05142
0.62264,0.56293,0.12993
1.8155,1.1772,1.2978
-0.39625,1.2575,-1.5464
0.21754,0.68082,1.5348
-0.28657,0.7649,-1.2904
0.25143,1.4373,1.1605
-0.66924,1.0268,-0.31711
-0.99604,1.3234,0.90305
0.3496,1.2402,1.3011
0.68691,1.0684,0.58049
0.81777,0.29553,0.33564
1.0051,0.75158,-0.73321
-0.93025,1.3411,0.88872
1.4377,1.5038,1.412
1.5438,-0.16929,0.46646
0.57828,-0.15198,1.0136
0.57184,1.2313,-0.96465
-0.96592,0.80058,-0.37043
0.67176,1.2075,0.76455
-0.62759,0.85082,0.8641
1.1568,0.051895,1.4752
-0.22795,0.93688,1.1671
1.9981,0.83643,-0.78756
-0.74232,1.3992,1.0711
1.2954,1.3881,-0.81681
-0.23593,1.1129,1.0101
1.65,0.17178,0.67001
0.6385,0.14483,0.37967
-0.63868,1.1287,0.46527
0.52683,0.28481,0.27912
-0.030853,-0.025489,-1.3829
-0.47354,0.78494,-0.42194
1.106,0.63128,-0.90994
-0.22517,1.2082,1.1983
1.0528,1.4578,-1.2912
-0.26511,0.68826,0.63601
-0.23284,0.29911,-0.71996
2.0845,1.0479,-0.50179
-0.39137,-0.033114,0.85832
1.9081,0.45535,1.5142
0.318,0.89458,1.5681
1.2344,-0.31819,0.59022
-0.17594,1.1918,0.59476
-0.92476,1.0759,-0.39787
1.9138,1.4268,0.7027
1.1915,1.2669,0.060096
1.3539,-0.16354,-0.51933
1.7637,0.55014,1.1901
0.20471,-0.011238,-1.3313
0.64347,1.0701,-0.70368
0.42589,0.64447,-0.75982
-0.24013,1.3612,-1.4577
1.6608,0.35834,-1.3623
0.17775,0.18497,0.35205
-0.22982,1.0265,-0.80748
0.1993,0.10978,1.3901
0.97199,0.089699,1.3134
1.6791,0.18747,-0.42415
-0.4377,0.74921,-0.56541
-0.17973,0.4048,0.63893
2.0387,0.9928,-1.4548
0.13701,1.3354,0.87462
2.0521,0.56679,1.2469
1.5938,1.1859,0.46007
1.0746,0.88178,0.83116
-0.35316,0.13873,0.91864
2.0036,0.76113,1.0115
0.90475,0.46411,0.68452
-0.78388,1.2648,-0.90144
0.94559,-0.20423,-0.44176
-0.30894,1.0873,-0.96671
1.4302,0.16279,0.96605
0.84399,1.3014,0.65664
-0.054956,1.1716,1.0841
1.785,0.23557,-0.46652
0.88494,1.1448,-1.1077
1.6366,0.2732,-0.037672
1.0981,0.42039,-0.92279
0.1202,1.5495,0.47883
0.38869,0.59832,-1.2677
1.6605,1.3614,-0.95021
1.0269,0.88098,-0.46026
1.4187,0.063063,-0.78583
1.2921,0.91239,0.031523
1.5249,-0.32485,-0.28107
1.63,-0.18113,1.3581
-0.72469,1.4474,0.96545
0.59123,0.42245,-0.3314
-0.16545,-0.1251,1.5588
0.5575,1.5384,-0.92752
-0.50626,-0.20946,1.4538
0.57903,0.76038,0.037378
-0.24946,0.8927,0.2621
0.5709,0.81755,-1.5198
-0.94294,-0.30992,-0.61364
0.98084,-0.30555,-1.3303
1.1398,1.4946,-0.054844
0.44851,0.20523,0.38958
-0.12079,0.7599,0.50786
0.20785,1.1019,-0.98843
0.13872,1.3408,-0.20176
-0.16346,0.98855,0.48783
-0.79393,0.14555,-0.94719
-0.017245,0.86811,1.5251
1.6408,0.068163,-1.3844
1.3573,1.4192,0.55466
1.8499,-0.01675,-1.0175
0.051835,0.51819,-0.99301
0.04144,1.0964,1.1659
0.70572,0.98812,-0.5373
-0.52872,0.89779,-1.4466
0.15514,1.2399,1.5381
-0.028006,-0.10436,0.95902
0.7555,1.1182,1.3264
0.69632,-0.13616,0.065437
1.8388,-0.24293,0.0022978
0.38022,0.97577,1.0282
-0.83013,1.2361,-0.30437
0.60229,1.0206,0.97974
1.4525,1.0921,-0.54019
-0.7811,0.28762,0.16505
0.7468,0.89904,0.6053
-0.56932,0.56248,1.5109
1.1991,0.55401,-1.1962
0.28586,-0.20915,0.16999
0.69731,0.59944,-1.0618
1.2699,0.82972,1.0815
1.6596,0.97229,-0.88315
1.1925,1.0325,0.64574
1.7869,1.0043,1.4393
1.1983,0.067799,0.36869
-0.38188,0.49078,1.232
0.9387,0.75107,0.16869
0.4527,-0.061891,0.087462
0.78504,1.4486,0.98137
1.6085,-0.0033162,0.93258
1.8045,1.2851,-0.79639
-0.52352,0.41974,1.1678
-0.33503,-0.30507,-1.5178
-0.34007,1.3095,-1.0805
2.0567,-0.31546,1.4626
0.53087,1.3321,-0.47267
-0.96613,-0.026652,-1.4442
0.79186,0.092195,-1.4172
0.39574,0.84166,-0.016985
1.2272,0.35295,-0.89729
-0.47368,0.33261,0.92195
1.6869,0.91597,1.5608
0.55253,0.15026,-0.21875
1.9116,-0.23676,0.2794
0.050862,0.87928,-1.0487
1.1855,-0.039509,0.51629
1.2093,-0.020476,0.47383
-0.52472,1.1826,-0.67676
0.2335,1.3848,-0.32493
1.6707,1.3724,0.20851
1.9701,1.3867,0.97886
0.71858,0.30099,1.0671
1.1797,-0.068754,1.4491
1.0142,-0.12016,-1.3441
-0.62436,-0.32463,1.1641
0.84373,0.99615,0.52588
1.0871,-0.10193,-0.73026
1.9366,0.31508,-1.4331
-0.49733,0.256,-0.25693
1.4208,1.0917,-0.78211
1.732,0.45419,-1.4167
0.15345,1.1093,-0.46644
1.007,-0.044132,1.4295
-0.64649,0.25897,-0.63741
-0.089475,1.19,1.2
-0.73071,1.0877,0.18881
-0.45588,1.258,0.19152
0.66188,-0.33314,-0.27412
0.56694,0.61664,-1.2314
0.83998,0.74752,-1.2615
-0.25952,0.71318,0.28486
0.95718,0.72644,-0.30797
0.56332,-0.20585,-0.034436
0.80317,1.3508,-0.69844
0.27437,0.00066291,-0.21814
-0.48483,0.90474,0.9651
0.50678,0.54617,0.74562
-0.30626,0.40659,-1.2544
0.61813,-0.0090975,-0.39299
-1.0261,-0.23081,0.56305
-0.18726,1.078,0.83481
0.3329,0.28412,0.9801
1.5725,-0.18545,1.0051
0.2726,0.90553,-0.10165
1.159,0.55867,1.4053
-0.98229,0.0084257,-0.50629
-0.82897,1.2992,-1.3265
1.8305,0.24653,-1.4267
-0.9112,1.1878,-0.4455
0.94384,0.040335,0.17686
0.07208,0.91264,-0.36361
1.7442,0.14806,0.51968
1.7783,0.50634,-1.5158
0.89856,0.75262,0.13108
1.893,0.23006,1.4956
1.9026,1.4699,1.3197
0.67698,0.74836,1.5004
1.6905,0.71778,0.076904
-0.29385,0.90384,0.45239
0.14286,0.4931,-1.0214
-0.42677,1.2899,-1.1219
0.51625,0.96809,-1.1207
0.21604,1.4348,0.23008
-0.65943,1.0289,-0.84965
0.25975,-0.042376,-1.563
1.7091,0.79262,1.3427
0.42865,0.80448,0.42647
2.0664,0.16869,-1.173
0.92981,1.5467,-1.2139
-0.23454,0.36472,-0.62357
1.0018,0.26314,-1.3041
1.2928,1.1434,-0.047499
1.9346,0.066261,0.57728
2.0534,0.43287,1.202
-0.6196,1.0169,-0.19661
-0.045669,1.4507,-0.39876
-0.17238,0.85155,0.0038459
0.45567,1.0215,-0.54526
-0.958,0.058485,0.8615
0.72152,1.3888,0.51016
-0.80657,-0.026278,1.4184
-1.0118,1.1067,-0.71771
0.89999,-0.10552,-1.2298
1.2793,1.1645,-0.35796
-0.52471,1.0307,0.31457
-0.69936,0.2642,-0.76978
-0.35403,1.4995,0.74187
-0.73132,0.2955,-1.2341
0.11624,0.36393,-0.47681
1.8381,1.1957,-0.019902
0.58231,0.9366,0.39661
-1.0463,0.89962,-0.085536
-0.36145,1.2303,0.24612
-0.20614,0.44074,1.052
2.012,-0.31984,0.3458
0.84562,0.14791,0.20549
0.83522,0.080553,0.073672
0.36027,1.5202,-1.091
-0.45258,0.71492,1.5435
1.2352,1.4492,-0.29821
-0.88246,0.81179,0.23335
1.1461,1.2908,-1.176
1.004,1.1244,-1.1117
1.6622,1.2838,-0.52561
1.6239,-0.29697,-0.51448
-0.2469,0.6853,0.59916
1.2982,0.35524,-0.52329
-0.50764,-0.042309,0.23545
1.866,0.36287,-1.2399
-0.70951,0.77948,1.0682
-0.27314,1.2437,-0.95862
-0.68919,0.86187,-0.54618
0.57846,0.63865,-0.027538
-0.28276,1.1807,-0.10978
0.64159,1.4522,1.15
-0.71173,0.24281,0.58775
1.2161,0.27714,-1.4588
-0.44378,0.66455,0.7219
0.11975,0.86662,-0.17249
-0.94647,0.47402,-0.59247
-0.39093,1.4826,0.99053
-0.93739,0.69095,-1.0959
0.014483,0.69186,-0.42958
1.557,1.0264,-0.813
0.90506,0.82842,0.40756
2.0909,0.043865,0.61805
1.3599,1.4902,0.6402
-0.036093,1.0749,-0.52382
-0.10578,0.74413,-0.79811
-0.47045,0.045518,1.2497
1.8916,0.20232,0.66108
0.68859,0.15858,1.2327
0.37955,0.54656,0.71692
1.04,1.4599,1.5508
1.9726,0.7134,-1.348
1.2787,0.77678,0.7954
1.0838,1.5205,0.64895
0.026051,0.25752,1.1883
-0.99666,1.3768,0.9447
-0.87625,0.40361,0.79226
1.1763,0.86326,-0.45202
1.1683,1.169,-1.2366
-0.45587,0.1554,0.86068
0.36082,0.2998,-1.5571
1.2268,0.10665,1.0279
-0.17528,0.25008,-0.7024
1.9222,-0.2582,-1.1988
1.035,-0.30959,-0.28284
2.0913,1.1495,-0.81168
0.31699,1.2934,-1.42
1.4546,0.95872,0.36067
0.13615,0.29359,-0.8758
1.1725,0.94258,-0.33465
-0.53952,0.88683,1.2945
1.7633,1.2515,-0.85641
1.3714,0.6302,0.96187
-0.76301,0.83027,-0.00089669
-0.21218,0.5663,1.1672
-0.080005,0.84866,-1.226
1.2609,1.5476,-1.2206
0.25688,0.4999,-0.10116
-0.43997,0.7895,-0.20225
1.8415,0.17949,0.71235
1.2779,-0.18482,0.86789
-0.89795,1.3202,0.78065
1.3284,0.49688,1.1677
0.76849,0.16446,0.71396
0.25672,-0.33889,-0.45441
0.32594,-0.016221,1.1902
0.13159,0.71201,-0.25009
-0.17625,1.0303,-0.15948
-0.88385,-0.099199,-0.73583
0.56245,-0.068641,0.52913
1.4184,1.5108,-0.23165
-0.92291,1.1643,0.47931
0.20343,-0.058651,-0.41575
1.9462,1.1968,-0.53378
1.6756,1.1596,1.0711
1.8041,0.69413,0.15468
-0.22548,0.083777,-1.2927
-0.34675,1.2892,0.43809
0.69361,0.52941,-1.5166
0.017224,1.1128,0.88174
-0.65858,-0.32322,-0.58189
-0.69839,0.17257,-0.33865
-0.41652,1.1137,-0.58465
1.6161,1.4846,-0.85381
1.0949,-0.32791,-0.727
-0.53946,-0.056571,0.50648
2.0195,0.70721,-0.31565
0.90905,-0.13533,-1.1498
1.6836,1.2336,1.2643
-0.99397,0.97838,-0.32228
-0.47932,1.1924,0.15468
-0.28743,0.94883,0.053528
0.82149,0.24411,1.3659
-0.56027,0.12652,0.43953
-0.22967,0.63413,0.018428
-0.4058,-0.20348,1.5647
0.40008,0.63841,1.362
0.53064,1.3637,-0.51615
1.9152,1.4599,0.98089
1.8606,-0.074032,-1.5466
0.86339,0.15255,-0.23173
-0.71173,0.25448,-0.15333
1.2287,0.5825,-0.13959
-0.31178,0.035129,1.0913
0.46596,-0.23738,-0.53096
-0.76002,0.28812,1.0811
1.3723,-0.2064,-0.56717
0.49537,-0.34065,-0.71692
0.41266,1.2141,-0.39575
-0.87652,0.14599,-0.87232
-0.81261,0.83463,-0.0063643
-0.16338,-0.17188,1.4339
1.092,1.237,-0.6438
0.65604,0.32717,1.3335
-0.20529,1.1599,0.097653
-0.6403,0.79469,-1.4368
0.57291,0.45795,-0.13127
1.7312,1.0002,-0.65984
-0.15724,0.14589,-1.0936
0.16855,1.4903,-1.4329
1.0883,-0.30578,-0.7437
-0.087388,0.91869,1.1569
-0.76812,1.3913,-0.52569
-0.55383,0.69182,0.31536
0.75848,1.3015,-0.57719
1.4557,0.45788,0.956
0.0090095,1.0162,1.3004
0.62026,0.34282,-0.17208
0.5999,-0.03085,0.7642
0.9008,0.57977,-0.60479
-0.96846,1.0947,-1.1892
1.6423,1.2043,-0.27477
-0.87472,0.063645,0.41616
-0.37921,0.18192,-0.58641
0.61325,0.079184,-0.036164
0.4003,0.14449,0.93951
-0.85655,0.071291,-1.0105
1.8531,1.5237,0.47149
0.17038,1.4968,-0.36696
0.58286,0.82501,0.67206
-0.56415,-0.14243,1.1236
0.58712,0.28887,0.19899
1.3428,0.91772,0.67724
1.8693,1.4535,-0.34555
-0.3224,0.47815,1.236
1.9427,0.29298,0.78796
-1.0073,1.1994,1.0942
1.684,1.5123,-0.024847
-0.57544,0.017298,-0.667
1.8636,0.1011,-1.4541
-0.13436,0.70415,-0.621
1.5507,1.3974,-0.95937
1.951,0.54871,-0.63616
1.5494,0.84682,1.189
0.69712,-0.1808,-0.1862
1.331,-0.01246,-0.43162
0.39449,0.038672,-0.10684
1.7518,0.31452,-0.82914
-0.50944,0.77302,0.55882
0.33717,0.90642,-0.78728
1.2836,-0.19955,0.80327
1.5759,1.1987,-0.39222
1.3145,0.85401,-0.21836
-0.1104,-0.048231,-0.1679
0.3789,1.5025,-0.76081
1.0943,-0.21632,0.52115
-0.96732,0.75689,0.17456
0.14224,0.13602,0.99354
0.29966,1.4402,-0.21703
1.9552,1.1988,0.94877
1.1276,1.2755,-0.15461
1.5155,1.06,0.24313
1.9377,0.48877,-0.32222
-0.012497,0.25945,1.0416
1.1462,0.94571,1.059
0.48797,0.17864,0.93351
0.067448,-0.052133,0.9219
1.2992,0.62494,0.42018
1.8092,0.57881,-0.075477
-0.45654,1.2114,-1.5248
0.86209,0.71288,0.69989
-0.05814,0.37377,0.98378
0.0021361,0.81241,1.1002
0.35579,0.35055,1.0094
1.9133,0.56606,-0.24728
1.6061,1.2233,-0.62535
1.9445,-0.18639,-0.89205
-0.50189,0.82925,-1.5299
0.20256,0.34253,-0.18721
1.0676,0.21229,-0.92948
0.64641,0.50147,-0.20609
2.0079,-0.2392,1.5421
1.3599,0.25113,-1.0057
-0.24388,0.089616,1.3193
1.3537,1.2872,-0.1916
0.54293,0.62858,0.51087
0.50763,0.35452,0.6439
1.3938,0.35124,0.64899
-0.84847,-0.061359,1.1104
1.2364,1.4643,0.36342
1.4064,0.021029,-0.65141
1.7681,1.2877,-0.23754
-0.81198,1.5333,0.76989
1.1642,1.2918,-0.75858
0.57221,1.1557,0.083936
-0.65631,0.24953,-0.039795
-0.91041,-0.037904,-1.504
1.7329,-0.19673,0.94405
0.59685,1.3063,-0.24077
-0.089622,1.5188,-0.23189
-0.1435,0.49581,1.1038
1.5714,0.37869,0.0027923
1.0141,1.4521,0.24565
0.90245,0.82955,-1.5542
1.5049,0.48218,0.54131
1.4343,1.2851,-0.95222
1.8227,0.042442,0.61453
-0.47048,1.3225,1.2415
0.81611,0.12795,1.0385
-0.73425,0.98732,-0.75977
1.7868,0.25054,0.6433
0.41041,1.5009,1.4272
1.3132,0.51271,-0.14905
0.88378,1.3147,-0.54632
0.71713,0.035663,0.14433
1.4384,1.5425,-0.12327
2.0069,1.3268,0.74777
0.32578,0.8728,1.2944
1.7558,0.89448,0.34693
-0.73164,0.019478,0.53757
-0.82365,-0.12394,-0.43647
-0.96536,0.85383,0.22204
1.5225,0.055046,-0.80166
-0.61042,1.025,1.5582
1.6866,1.3558,0.60652
-0.81938,0.011596,0.63717
-0.75602,0.22395,-0.60422
0.97166,0.33759,0.65193
0.75157,0.41622,-0.57253
0.93672,0.9367,-0.3229
-1.0403,0.8699,-1.4918
2.0311,0.29108,0.83289
1.7298,-0.13003,1.3201
0.17571,-0.13428,0.027167
-0.21089,1.0612,-0.11685
0.92571,0.034541,0.058542
-0.64003,0.75273,-1.1511
-0.07151,0.12509,0.82659
1.3716,1.1172,0.36251
2.008,0.42021,-1.4418
-0.17508,0.71268,-0.66867
0.33484,-0.016417,-0.92687
1.2375,1.147,-1.4631
1.2461,1.377,0.40589
-0.23277,0.75863,-1.3993
-0.98357,0.19305,-1.4943
1.1263,0.27255,-0.74671
0.21568,-0.28909,-1.2503
1.8396,0.9492,0.85016
0.11247,1.4419,-0.90376
1.8545,-0.32104,-0.7714
1.5405,1.4172,-1.519
-0.03794,1.1031,0.24758
1.5808,0.5566,1.208
0.56407,1.025,-0.76966
-0.99666,1.3281,-0.43752
1.362,0.69927,0.32465
1.3248,1.1303,-1.1892
1.2734,1.2136,0.057088
1.3202,-0.2927,-0.73111
0.10787,1.11,-1.2487
0.50923,0.031293,0.25267
1.4422,1.5517,1.349
-0.8334,1.4016,-0.22469
1.0585,0.46531,-0.50974
-0.96569,0.70535,0.78354
-0.60111,0.20421,0.77686
1.2946,0.15577,-0.76374
0.5815,0.65206,-0.99438
-0.30991,1.562,1.1558
-0.092202,1.3785,0.26792
0.13275,1.0087,0.47954
-0.57044,-0.31082,0.19918
0.17056,1.4021,-0.051911
-0.68185,0.91041,-0.71177
1.8095,1.4233,-1.155
0.13146,0.95529,-0.80383
-0.44205,-0.10511,0.83828
0.86572,1.4638,0.87037
0.47533,0.98455,-0.085927
0.49161,1.1623,0.56601
-1.0044,0.069619,-0.2097
-0.73654,1.049,-0.51544
0.88747,1.1122,0.64573
1.2759,1.0889,-1.0265
0.2991,0.18351,-1.3754
-0.68718,-0.30545,0.81774
-0.80325,1.2903,-0.57888
-0.86288,0.35252,0.76489
1.1079,0.48008,1.428
0.6401,-0.043764,0.4414
2.0673,0.14361,-0.1664
1.789,1.1163,-1.19
1.3834,1.3269,-1.416
1.5208,-0.19876,-0.94111
1.336,0.25917,-1.1043
0.39853,0.083912,1.3243
0.59738,0.073566,-0.40585
-0.39314,0.51926,-0.049299
1.3483,-0.20206,0.67488
-0.46746,1.0365,1.362
-0.4774,0.65576,0.63109
-0.52329,1.1287,0.93399
-0.097211,0.96187,-0.39815
-0.91361,0.88132,0.91472
1.48,1.5019,0.02345
0.36626,0.88797,-1.1837
1.1355,0.85169,1.0735
1.6214,0.72679,-1.5568
-0.011693,0.0083483,-1.5113
0.31677,0.36446,0.37117
-0.75018,-0.30436,0.94181
1.4538,0.17833,-0.60584
1.1016,0.14555,1.492
1.8181,1.1643,-0.1709
-0.29606,0.9239,-0.35514
0.18956,1.1799,0.065368
-0.59831,0.86575,0.10653
1.7955,1.2302,-0.47782
1.5057,0.72293,0.94608
1.3746,1.0646,1.0235
0.49069,0.34055,0.57662
1.9559,1.4917,1.5655
-0.43616,0.49263,0.59057
-0.97695,0.50328,-0.45761
-0.59329,1.2906,-0.81834
0.019487,-0.29246,-0.25177
1.4213,0.13202,0.37938
-0.79657,1.5411,-0.88255
-1.0101,1.2381,-0.61427
1.8678,1.2576,1.3233
-0.14912,0.96455,0.29457
0.052168,1.3208,-0.90611
1.9037,1.3722,-1.4131
-0.3346,0.61404,0.81351
1.6847,0.33288,1.1615
-0.38441,0.9957,-0.88169
0.71395,0.28337,-0.52612
-0.1457,0.22555,-0.72244
-0.76038,1.0201,0.11724
0.16783,-0.11666,0.8745
-0.76969,1.4977,-0.80086
-0.53723,1.3712,0.022155
-0.35607,0.72244,0.74722
1.9354,-0.17292,-0.3267
1.5266,1.05,1.5244
0.31654,1.367,1.3492
1.4855,0.61909,-0.86159
0.5532,-0.08684,-0.33848
-0.022613,0.3034,-1.5094
1.6343,1.4742,-0.73201
0.82088,0.73057,-0.64196
-0.51351,-0.29763,-1.243
-0.19725,0.83284,-1.4676
-0.32827,0.5008,-1.2093
0.47241,1.009,0.48413
1.7058,0.02347,-1.168
0.89615,1.5547,0.11474
1.2621,-0.19,0.18286
1.6168,1.3548,0.13016
-1.0122,1.4279,-0.17575
-0.7711,1.3227,1.4214
-0.61355,-0.30275,-0.46228
0.97092,1.4914,-0.10076
-0.066691,1.3181,-0.13122
1.564,1.2103,-1.5642
1.9195,0.80058,-0.18941
-0.49382,1.5034,-0.34932
-0.12237,0.56514,0.3824
1.9809,1.0876,-0.013118
1.3761,1.3993,-1.4305
1.8573,-0.19882,0.16633
-0.62895,0.86542,-0.0011913
1.4765,0.78434,-1.1107
0.84004,0.66158,0.066963
0.66847,0.52155,0.023818
0.34121,0.75224,-1.3171
-0.3229,0.30046,0.8923
-0.264,1.1735,0.36888
-0.0383,0.036532,-0.097312
1.5733,1.5395,0.34514
1.9802,-0.23123,1.0305
0.68192,0.89485,-1.5332
1.8843,0.58008,0.41155
0.02347,-0.1672,-0.23332
1.1626,-0.094306,-0.10246
-1.028,1.0572,-1.5202
0.55662,-0.19048,0.33705
2.02,1.2816,0.41651
0.20547,-0.17801,0.63937
0.018791,1.3819,-0.16766
1.2056,1.0243,-0.78033
1.1068,-0.17132,-1.0957
1.0357,1.5297,-0.33587
0.91159,0.78958,0.15547
-0.85597,1.3649,-1.1469
-0.19741,0.14758,-0.74825
0.14665,0.98213,-0.029547
-0.31276,0.70281,1.17
-0.90242,1.0326,-1.3527
0.95238,1.0926,0.76946
-0.22488,1.3415,-0.56089
-0.086384,0.28794,-0.21601
1.8449,0.62623,-0.54772
1.3986,0.012779,-0.26738
-0.38863,0.35834,1.453
2.0297,1.2495,-0.91005
-0.48556,-0.2729,0.41745
-0.26082,0.25863,1.4087
0.9761,1.4382,1.3473
-0.58863,0.93126,-0.42477
-0.16437,0.77495,1.5007
1.4268,1.4261,-1.0213
0.77406,-0.010506,0.69211
-0.027282,1.5372,-1.3156
0.55514,-0.21756,1.4654
1.5168,1.3845,-0.60595
0.93795,1.1531,0.55084
-0.1225,0.25012,-1.4967
-0.83863,-0.089196,0.25561
-0.14854,-0.08817,0.47696
-0.54242,0.43221,-1.3076
1.3335,0.29064,-0.94566
0.65264,0.42023,-0.14417
0.91388,-0.10809,-0.91149
0.8288,0.63022,0.64992
-0.51092,1.5031,0.38087
-0.81606,1.5322,-1.5694
-0.13871,-0.32666,0.47176
1.378,0.55814,1.0841
-0.47632,1.4416,1.383
1.9871,-0.34572,0.74754
-0.49344,1.1167,1.2669
1.9882,0.94105,0.71866
0.78061,0.27158,1.0609
0.26914,0.2243,-0.13058
0.082543,0.60636,1.3233
-0.63185,0.004319,0.1558
-0.33013,1.0228,1.5089
-0.31848,-0.034501,-1.3325
2.042,0.021398,1.1272
0.88556,0.51479,-0.33695
1.2587,0.51672,1.223
1.2928,1.0855,0.90356
0.56124,1.3822,1.0687
1.5221,1.3563,0.44774
0.80741,-0.17957,-0.16716
-0.69612,1.4634,0.62267
0.79698,0.71363,1.5155
-0.63449,0.40758,0.38341
-0.54511,1.4302,-0.76364
0.78719,1.2466,1.0579
1.5629,0.76626,0.27858
0.17829,1.4865,0.51822
1.644,0.74566,-0.51787
1.3866,1.4129,-0.5755
-0.98209,0.31495,-1.3253
0.28157,0.43701,0.86882
1.9366,1.1923,-0.70121
-0.87025,0.68072,-0.48322
-0.59505,0.60331,1.1351
1.0823,0.51237,1.2302
-0.64628,0.43,-1.3396
0.82764,1.0215,1.3918
1.6614,1.4275,1.2631
2.0397,0.47308,0.26413
-0.03748,0.76697,-1.3201
0.9436,-0.2042,-0.64587
1.5586,0.032131,-0.61317
0.91923,1.4537,-0.33855
0.19714,0.60436,1.1209
-0.98959,1.0663,-0.6421
0.23482,0.79864,-0.027432
1.4962,0.16449,0.65834
-0.14944,0.90639,-1.3032
-0.99232,-0.12992,-1.1692
1.5256,0.71795,1.225
1.9722,1.4938,-0.10754
1.7538,0.96151,-0.1311
-0.2187,1.04,0.22419
-0.84352,1.3961,-0.7052
1.552,0.66311,0.99801
1.9849,0.33886,0.48331
1.0976,0.68528,-0.81204
1.6719,1.1005,-1.0201
1.3722,0.96512,-1.0956
1.1227,0.79382,0.77386
1.2773,1.3106,0.67501
0.58624,1.2019,0.99049
-0.95039,0.81188,1.5536
1.3033,0.68083,-0.83303
-0.47421,1.0998,0.1595
-0.17788,0.82839,-1.4096
2.0417,1.1288,-1.3587
-0.39438,0.61053,1.2787
0.8731,0.98213,-0.10613
-0.62099,1.1619,-0.82497
-0.30863,0.71835,-0.14946
-0.087517,0.6601,0.20667
1.3606,0.22232,0.56182
-0.75353,1.3379,-1.3826
-0.11208,0.87523,1.3884
1.5657,0.96288,0.73899
0.83708,1.3529,-1.0702
-0.27552,0.47742,0.94382
1.4963,0.13397,-0.22772
0.0068887,0.66753,-1.1336
0.12827,0.33603,-0.080027
1.8683,1.4513,1.2615
-0.061418,1.2126,1.4425
0.33352,1.4607,-1.1883
0.1352,-0.29327,-0.68697
-0.13646,1.0941,-0.38022
0.41464,0.17091,1.5486
-0.98402,0.044525,-1.4207
1.8947,0.61093,-0.6984
-0.40298,-0.2304,0.47101
0.61352,0.92464,0.89175
1.2822,1.1917,1.089
0.83856,0.61457,-1.0319
0.70918,0.5746,-0.16231
0.68465,1.5285,-1.1363
-0.98538,1.3223,1.4492
1.7168,-0.26033,-0.54159
2.0024,1.4414,0.81434
1.3138,0.28087,0.093499
1.4347,0.922,0.82642
0.91877,0.2287,0.7315
1.2193,0.53568,0.21289
0.98389,0.20828,-1.3191
1.8577,0.73461,0.051495
-0.39332,1.1271,0.058129
0.36744,0.88345,0.70114
0.57054,0.43861,1.4019
-1.0371,0.44232,-1.3007
-0.52147,0.67117,-1.004
1.8889,1.4985,-0.65925
-0.78222,0.24538,1.0672
1.3893,-0.16923,0.035704
0.76579,0.48848,0.49254
0.25488,0.27294,-1.5015
-1.0096,0.61438,-1.1714
0.95329,0.99428,0.31513
1.7232,0.46565,-0.90114
1.346,0.12421,-1.3079
0.26788,1.4263,0.26256
0.52221,-0.2172,-0.2309
0.94699,1.1641,-0.74026
-0.6328,-0.25892,-0.82691
0.96484,0.17183,-0.89141
1.2414,0.94551,-1.2204
-0.9017,0.0185,1.3233
-0.42509,-0.31953,0.27623
0.11403,0.96076,-1.2163
1.7324,-0.34067,-0.6751
0.20527,0.93699,-0.44556
-0.8714,1.1303,1.4862
0.18978,-0.11074,-1.1135
0.44558,0.086182,1.2812
-0.045981,0.51745,1.4026
2.0272,0.87959,0.7732
1.9219,-0.10812,-0.84614
1.4814,0.74412,-0.073472
-0.88683,-0.13712,-0.89807
-0.76426,1.5402,-1.2348
-0.3698,1.4237,1.1067
-0.77303,0.37699,-0.94611
1.3705,1.4667,0.84224
-0.6668,0.40061,1.4805
-0.90985,0.54617,-0.22339
1.0192,0.44071,-0.52898
-0.5236,1.4198,0.92872
1.9493,0.55013,-1.3635
1.8354,1.3923,1.0999
2.0141,-0.11772,-0.92692
0.71456,-0.060355,0.80309
-0.27912,0.89982,0.16584
0.16531,0.86358,1.2247
-0.25129,-0.027269,1.5046
1.9156,-0.14144,0.41944
-0.38487,0.76367,-0.3351
1.7183,1.3475,1.0583
0.15832,0.99912,-1.5202
-0.38235,1.1771,0.2749
1.6809,1.0357,0.11211
-0.99238,0.62436,0.30684
-0.30045,0.32571,-1.0771
1.0819,-0.286,0.28569
1.0809,1.3214,-1.2102
0.32178,1.1223,0.50937
-0.26757,0.59328,-0.53435
1.5083,1.0913,0.2673
-0.19735,0.26975,0.97512
-0.36689,1.0944,-0.68331
0.62982,1.1142,1.5306
0.88186,1.151,0.367
1.2785,0.59989,-0.6096
1.2814,0.84622,1.003
-0.11861,0.15442,0.31189
-0.55766,0.72564,0.0067909
-0.4929,-0.15843,-1.1161
-0.97424,1.351,-0.10737
0.995,0.26091,-1.2778
-0.27153,0.80269,-0.97817
0.071043,1.1614,0.85964
0.30817,1.2034,0.67903
1.1717,1.5626,-0.34511
0.2435,0.91368,-0.45208
1.9049,1.5191,0.78588
-0.10845,-0.1533,0.026551
-0.45118,0.53302,-0.66763
1.3633,0.22861,-1.5224
0.55625,0.0075652,-0.1259
0.015692,-0.15963,-1.2482
-0.42623,0.70905,0.36597
0.71992,-0.30582,0.20753
1.3908,1.5294,-0.51731
1.488,0.87878,-0.87265
-0.92026,1.5317,-0.38448
-0.32153,1.4991,-1.0506
1.4644,1.5483,1.1743
-0.62012,-0.17333,0.34549
-0.49347,1.3221,-0.10959
0.33988,-0.059701,1.1249
-0.22344,0.49325,-0.47407
0.13743,0.071212,-1.2984
1.0401,0.32947,1.0223
-0.14842,0.57725,-0.62679
0.83164,0.70101,-0.29261
0.76099,1.5507,-0.30756
-0.14716,0.92536,-0.11688
-0.81504,0.57247,-0.93016
1.7347,1.1481,-0.47458
-0.034303,0.52068,-1.1058
0.83212,0.68063,0.39126
0.53459,1.3352,-0.36991
1.565,-0.034736,-1.3292
-0.65154,0.4432,-1.4112
1.967,-0.31694,0.75621
0.85385,0.23612,0.22871
-0.40822,0.71628,-1.5186
1.2527,0.50473,-0.3764
1.8576,0.11812,-1.2745
1.9302,0.45946,1.1689
-0.35628,0.20354,0.27997
1.3913,0.26854,-0.27523
-0.12292,1.2267,1.2704
1.485,0.24696,-0.26899
1.8372,0.80181,0.027468
-0.29067,1.3141,0.47363
1.8981,-0.24506,0.67049
1.8789,0.73476,-0.31774
0.70045,1.4418,0.93749
0.10554,0.68409,-0.8481
-1.0286,0.84069,-0.60731
-0.091128,-0.12003,-0.65003
-0.35471,0.13956,0.17936
-0.83494,0.55965,1.0162
0.60792,0.57832,1.287
-0.59679,1.56,1.473
0.14299,0.21118,0.81147
0.46814,-0.079951,-1.2808
1.2067,0.3714,1.4039
1.8838,1.2691,-1.267
0.21891,1.3611,-0.34837
1.4231,0.030865,0.73593
-0.75946,1.4905,-0.085139
-0.66563,-0.050336,0.046511
-0.54907,1.5549,0.67373
0.45712,0.61386,0.74964
1.0632,-0.021185,1.4427
-0.65079,1.3104,0.65406
-0.92612,0.11187,-1.3339
-0.35796,0.15868,1.4273
-0.010158,0.78263,0.0068761
-0.208,1.0183,-1.4286
1.8697,0.49761,0.67792
-0.97198,1.072,-0.47435
-0.82096,0.41641,0.97555
1.1914,-0.035859,0.65062
0.85365,0.6444,1.4719
1.2511,0.99635,-1.0682
-1.0034,0.63978,0.53226
0.68907,1.3295,0.16175
0.90734,0.014763,1.5634
0.92833,0.84583,0.90834
-0.80407,1.1636,-0.59877
-0.033388,0.11862,-0.55307
1.4801,0.80034,-1.5239
-0.10582,0.44777,-0.40622
-0.56051,-0.30857,1.55
-0.48425,1.2061,0.82553
1.7566,-0.34255,0.99454
0.12114,-0.01982,0.43299
0.56457,0.62961,-1.1991
0.13754,1.3905,-0.76761
0.0081694,0.93242,1.248
0.44734,1.3568,1.2429
1.2839,0.054798,0.66907
0.29198,0.77556,0.26152
0.47787,0.16648,-1.3675
0.99144,0.47393,-1.2265
-0.080717,1.0356,-0.98507
1.3457,0.39772,0.80811
-0.43985,-0.34402,-0.25263
1.8879,-0.22959,-1.1877
0.7126,0.92057,0.53442
0.13206,-0.10113,-1.1488
0.79511,0.0083427,-0.46054
0.31149,-0.15258,-0.067037
1.2326,-0.082805,1.4175
0.39469,1.2765,-0.68031
1.4056,1.0139,-1.5607
0.015517,0.37553,0.57931
0.030711,-0.24301,-0.86358
0.18005,-0.18297,-1.4828
1.8354,0.35945,0.67063
1.0912,0.2548,-0.80539
-0.42723,0.1191,0.82128
1.77,0.17372,1.4721
-0.73657,0.050663,1.0995
0.18322,1.4488,1.387
1.6921,1.4537,-0.72546
-1.0367,0.67823,0.81652
-0.95128,0.046818,-0.087945
1.0379,0.68325,-1.1352
1.3946,1.4518,0.59123
0.35037,0.42405,-0.876
-0.79174,1.4622,-0.18667
1.6997,0.071254,0.92348
1.9521,-0.035416,0.28671
1.9913,-0.061977,-1.2802
-0.24161,-0.085676,0.6693
0.19823,0.28016,-0.05851
1.3351,0.93259,1.3694
-0.63762,0.15188,-1.5628
0.81955,0.25621,-1.1071
1.8191,0.83212,-1.3683
1.0867,-0.22403,1.0458
1.5683,-0.31288,-1.0503
-0.89331,0.40987,0.26653
1.9028,0.53974,0.43971
-0.514,0.86169,0.89772
-0.71675,0.10889,0.066292
1.9833,0.61767,-1.2136
0.0098773,1.2046,0.52204
2.0204,0.73895,-0.92693
-0.97506,-0.10533,1.1727
0.33626,0.69496,-1.421
-0.37932,0.44229,-0.94738
-0.78918,0.41458,0.84443
1.6368,1.4879,1.4488
0.16494,-0.23441,0.11283
-0.34429,0.88088,0.99051
-0.17956,-0.20566,-0.44195
0.70718,-0.0035977,1.3767
0.55513,-0.34378,0.41078
0.0080814,0.7937,0.22766
0.57722,1.2868,-0.13673
1.8413,-0.26924,-1.5126
0.37423,0.89049,-1.053
-0.86497,0.12214,-0.58916
0.65107,1.3223,-0.60353
-0.81753,0.4015,-1.1447
1.1116,1.0946,1.1859
1.3608,0.79987,-0.66116
-0.41835,0.89391,-0.61362
1.3644,1.2639,-1.5281
1.7685,1.5433,0.86581
0.30279,0.73358,1.4483
0.23891,0.93734,0.92773
-0.8952,0.81571,-1.0521
1.2839,0.51122,1.117
1.7868,0.60646,0.49741
0.65997,0.95521,-0.71059
1.6784,1.4141,-1.1649
0.07141,1.4998,-0.1545
0.036314,-0.32112,0.11091
-0.7475,0.5795,-0.34734
-0.73976,1.4314,-0.79347
1.4757,0.43956,1.0985
-0.71546,0.14061,-0.12911
0.043777,1.0969,1.2307
-0.63306,0.00053889,0.74603
1.168,0.79339,0.6126
-0.92482,0.82896,0.35248
-0.22262,0.55367,-0.98808
0.7755,0.0020613,0.48298
1.6418,0.21432,0.25254
-0.32407,-0.24965,-0.22201
1.4612,1.5316,0.32793
-0.99419,0.61088,-0.81652
2.0591,1.3115,-1.4748
1.7781,0.78476,0.58352
1.0935,1.4956,-1.1746
1.1883,1.2199,1.4414
0.5922,-0.098892,-1.253
1.4284,0.063816,1.3583
1.9316,1.2513,0.064164
-0.16588,0.53603,-0.90965
-1.0162,1.4968,-1.1077
0.35639,0.11359,-0.35535
-0.38558,1.4015,0.0893
0.30507,0.6574,-0.73415
-0.88567,1.3608,0.45213
0.35605,0.066153,1.5172
2.0493,-0.015798,0.31308
-0.5966,0.5044,-0.66749
-0.68306,0.78667,1.3665
0.019586,0.68179,0.0086061
1.8851,0.5725,-0.14012
-0.1674,0.26871,0.031788
1.2546,1.4926,0.40015
1.3755,0.23053,-1.2509
0.096055,-0.28777,0.75231
0.81601,1.1159,-1.2213
-0.99615,0.53857,-0.53409
0.75206,1.4021,0.35029
1.5418,0.92717,-0.75779
1.0788,1.524,0.40388
1.4857,-0.29794,-0.62167
0.24326,0.32915,-0.35
-0.73494,1.052,-1.2229
1.9771,1.5632,-1.087
0.23872,0.25092,-0.24981
1.0742,0.79378,0.03193
0.22042,0.64522,-0.45736
-0.63331,0.35544,0.12451
0.27113,-0.26815,0.24217
0.77342,1.1042,-1.005
-0.76966,-0.089885,-0.40928
-0.17122,1.3916,0.0052871
1.987,1.1806,0.28066
-0.15784,0.5715,-1.1836
1.5828,1.5368,1.0174
-0.2855,0.47324,0.65292
-0.58946,1.3972,1.4956
2.0091,-0.15347,-1.4484
-0.41802,-0.086184,-1.0697
0.1676,0.53072,0.53679
-0.7069,-0.31808,-0.26455
-0.99126,1.4527,-0.058778
-0.59871,-0.30826,0.38976
1.8043,-0.041899,0.48298
-0.16647,0.60794,0.076466
1.7926,-0.14695,-0.48254
-0.02545,0.84686,-1.3995
1.1325,0.63558,1.2137
2.0417,1.5011,1.5201
-0.55383,0.1826,-0.090379
0.60147,1.1066,0.020607
0.31423,1.1014,-0.92183
1.6944,0.2489,0.24442
0.52871,0.049004,0.010906
-0.49124,0.076842,0.085829
0.1536,0.66672,-1.4453
-0.078311,0.26899,-0.17545
1.6614,-0.018378,0.27473
1.7354,0.60956,1.1246
-0.86396,0.15921,-0.45403
-1.0329,1.0389,-0.93861
-0.96326,-0.2125,-0.73819
0.30638,0.023147,-1.1823
-0.19195,0.74016,1.0668
1.8393,0.51624,0.90914
-0.57413,0.71375,-1.4949
-0.65132,0.1509,-1.0378
-0.044446,0.55194,-1.0112
1.2754,-0.24001,-1.493
0.091572,1.3718,0.76927
0.70272,1.4174,-0.90576
-0.75826,-0.0761,1.0645
1.2106,0.64013,-0.62372
0.99284,1.0415,-0.56269
0.85622,-0.079392,1.1827
-0.15222,0.22443,0.023978
0.7468,0.3985,-0.42523
0.52985,0.31112,-0.223
0.34174,0.46229,-0.6546
-0.33346,0.077708,-0.30133
1.2223,0.78296,-0.33155
1.9939,1.1538,-1.3533
1.6253,0.11517,-0.50367
0.80867,0.92465,-1.0994
0.7427,1.3725,1.0968
1.2236,1.0861,-0.93159
-0.93665,-0.0013309,-0.35687
1.4148,0.85995,-1.5295
1.3506,0.70898,-1.3399
1.7719,0.44309,-0.70608
0.20296,0.62256,0.63615
-0.5322,-0.23131,-0.21841
-1.0283,-0.21899,1.235
0.86124,1.1933,-1.1522
0.61083,0.18635,0.68376
1.1503,-0.3341,-1.0391
-0.98302,-0.089794,-1.1494
0.072494,0.36534,1.2339
1.1935,0.74881,-0.56187
-1.0365,1.5665,0.0060696
1.4174,-0.081604,0.38633
0.93998,-0.33442,0.90905
0.61981,-0.21558,1.1811
1.0962,0.50968,-1.3853
0.20172,0.3197,1.1601
1.3812,-0.15798,1.4376
0.69936,-0.31755,-0.035155
1.9364,-0.17999,0.23332
2.0063,0.93858,-1.1255
0.23737,1.1568,1.4239
0.78041,0.96226,-1.2575
-0.62867,0.12296,-1.4576
1.1495,1.3513,-1.4024
1.1639,0.61244,-0.56176
1.875,0.10899,-0.59515
1.1641,1.0186,-0.39969
0.93824,0.64803,-0.95767
0.84196,1.3309,1.2016
-0.90315,0.44747,-1.1928
1.4027,1.2504,0.15033
-0.4735,-0.25263,-0.24097
0.028781,0.068429,1.5351
1.5408,0.70865,-0.3846
1.5166,1.3884,1.1228
0.69472,0.35807,1.2874
0.35134,-0.34077,0.80557
0.79896,0.25081,-0.38434
0.53413,-0.10604,1.4631
-0.96305,0.92312,-0.28313
1.1408,-0.1894,-1.4829
1.6844,1.1752,-0.30566
-0.047648,1.0692,-1.3208
-0.39842,0.048477,1.3023
-0.28055,0.5392,1.4215
0.046881,1.3193,-0.92796
1.5404,0.95338,1.1984
0.19071,0.56737,1.3524
0.87738,0.88762,0.094653
0.039893,-0.033215,-0.13226
-0.39151,-0.13057,-1.145
0.97177,0.985,-0.60795
-0.39635,0.25171,-0.077962
1.7835,0.98522,-0.1729
1.277,0.3105,1.2258
0.12202,0.29431,-1.1959
1.5772,1.1194,1.5439
0.77874,0.5937,-1.1227
-0.12339,1.4069,1.1965
0.091041,0.81693,-0.15706
2.0758,0.27921,0.46766
1.0301,1.1163,-0.10817
-0.23151,0.5442,-0.17516
0.87182,0.81264,1.2696
0.89172,0.83289,-0.50819
1.4923,0.91541,0.76376
1.3596,1.4065,0.53258
0.77206,0.18829,0.14145
-0.93916,0.18075,1.1807
-0.83896,1.0218,-1.3603
0.79964,0.84405,0.021058
0.75915,0.9767,1.4437
1.4827,0.041476,-1.2263
1.0184,0.46105,0.050722
1.709,0.27764,0.888
1.8651,-0.20075,-0.13767
0.76959,0.96066,-0.49289
1.6086,0.064041,1.1482
0.016193,0.13805,-0.38019
0.87889,1.102,1.0448
1.0994,0.73092,-0.48482
1.6901,-0.32539,-0.75519
1.933,-0.3185,0.67623
-0.75528,1.3363,0.83243
-1.0128,1.3781,-1.3821
0.46805,1.3555,0.73025
-0.47118,1.4008,-0.092176
-0.98232,1.1811,-0.040584
1.8126,1.4253,0.71879
1.9698,0.13378,-0.3237
-0.4476,1.1619,-0.63644
0.70179,0.82038,-1.5223
-0.020941,-0.099203,-0.31532
0.73078,-0.32311,-0.49694
0.55114,1.2484,0.97547
0.094352,0.40829,0.19366
0.24271,1.0042,0.49432
-0.44146,0.14728,-0.55474
1.9651,-0.12817,-1.0382
-0.85257,0.67024,-0.36448
1.5873,-0.30772,0.45514
0.12717,0.18573,1.3997
1.3718,-0.080394,-1.2676
1.0417,0.68418,0.77221
1.364,1.0782,-0.79975
1.3411,0.89372,0.97414
-0.88019,-0.010264,-1.5222
-0.81755,0.66136,0.070284
1.2514,0.31652,1.0376
1.5389,0.40247,-1.338
0.28346,0.98862,1.3954
-0.75939,-0.25974,0.47804
1.7339,1.337,-0.40744
1.9105,-0.076558,1.1025
0.27245,-0.27653,-1.2803
-0.048,-0.32474,-0.6193
1.3654,0.15152,1.289
-0.15906,1.0246,-0.6105
0.43302,0.76789,0.57188
0.86693,0.68726,1.0602
-0.78247,-0.029181,-0.072848
1.4858,1.4866,-0.54978
-0.34425,0.11381,0.93422
0.60796,1.3249,0.28786
1.3133,-0.31724,-1.4611
1.3619,1.1355,1.1821
0.9514,1.1106,1.3751
-0.38599,-0.34796,-1.5031
1.435,1.5131,1.4924
1.2661,0.50186,0.086906
1.6549,-0.28701,0.18171
0.89917,0.26592,0.59571
0.31355,0.74565,-0.56553
1.6858,1.2305,-0.9502
1.6894,0.42122,1.5059
0.34734,0.41305,-0.43043
0.43211,0.039171,0.25637
-0.089221,1.1097,1.3087
-1.0178,-0.27839,1.464
0.48461,1.0558,-0.4585
0.49456,1.0507,-0.16318
0.79931,0.2492,0.38381
-0.36334,1.4544,-0.24605
-0.90764,0.6643,-0.41796
1.5171,0.18975,-1.4168
0.010984,0.10163,0.23555
0.70208,0.53887,-1.1021
1.5531,0.31126,-1.1864
1.3832,-0.13574,-0.42427
-0.76038,-0.15634,1.1922
-0.022197,1.0207,-0.2909
1.0225,0.11238,-0.92725
1.5173,1.487,0.8882
0.71094,0.28763,-0.12995
-0.89853,1.2486,1.3585
1.1762,0.15467,0.75853
-0.85477,0.30582,1.3325
0.81075,0.080799,0.91184
0.023494,0.72322,-0.47057
-0.48411,0.66477,-0.76062
0.032274,0.57554,0.55664
0.79173,1.1875,1.5274
1.5084,0.57959,0.71322
0.90679,1.1776,-0.5934
0.10049,1.2374,0.47683
-0.36146,0.082073,-0.13605
-0.68836,1.4721,0.47254
0.69038,-0.087738,1.1355
-0.88604,1.1892,0.64421
1.2404,0.66436,-0.30573
-0.41661,1.1979,-0.45762
0.25824,-0.11098,0.25105
0.57856,0.42147,-0.29116
-0.076056,0.3605,-0.72894
0.94848,1.3382,-1.232
0.40672,0.1216,-1.4506
0.96173,1.4473,1.1463
0.3355,0.53603,0.4682
1.2899,0.46012,-1.5136
-0.2715,1.0238,-0.49456
-0.39639,0.53952,0.45274
0.073684,0.34576,-0.80411
2.0647,0.67921,-0.99709
1.4553,0.29486,-1.4792
-0.047328,0.40711,1.1531
1.0141,0.41318,-1.2911
-0.94662,0.62763,-0.48961
-0.014901,1.5431,-0.40251
0.25434,1.4733,-1.5154
0.35692,-0.23935,-0.18986
-0.93181,1.5669,1.0981
0.0717,-0.33381,-0.086017
1.6832,0.33287,-0.47394
1.7301,0.048169,0.37707
0.43011,1.5401,-0.36104
0.094135,0.68528,-1.1883
1.5087,1.4485,-0.3428
0.39426,0.25735,-0.89541
-1.0376,0.99209,0.76756
0.8864,0.58646,-1.1355
-0.91342,0.84114,0.40158
1.0771,1.0628,-0.24104
2.0895,0.93755,-0.17445
1.7457,0.053751,-1.5618
-0.047111,1.2698,-1.2348
0.004371,0.20963,-0.43424
1.5762,-0.23751,-1.3251
0.26189,0.88827,1.0776
1.6045,1.1285,-0.40765
1.8392,0.91626,-0.80761
0.087023,0.44117,-1.1194
0.86255,0.2431,0.31619
1.7258,1.0273,-0.67291
-0.81877,0.46013,-0.49136
0.048105,1.097,0.9198
1.0159,1.4183,-0.78316
1.151,0.020442,-1.1351
1.7356,1.2046,1.2926
-0.14762,-0.0050264,-1.4549
0.026202,0.96417,-0.33989
-0.15056,1.3225,-0.51778
0.77995,1.2577,-1.2132
1.4811,0.010747,-0.14852
-0.90439,1.2334,0.22309
0.32093,1.1777,-1.4327
0.19338,-0.16868,-0.07361
-0.28356,0.97559,1.5631
-0.3019,-0.21636,0.097671
0.52888,1.3104,1.2398
1.7989,1.1756,-1.091
1.0193,0.14653,1.1399
2.0877,1.4154,-0.37725
1.1659,-0.32157,-0.11669
1.7917,0.27205,-0.79449
0.93872,1.1861,0.25891
-0.90193,-0.19151,-1.4776
1.4106,0.73254,-1.2599
-0.95226,1.2022,1.5475
1.7536,0.033347,0.69882
-0.16954,0.78304,0.16918
-0.78974,-0.32276,0.45912
0.15971,0.81027,0.85692
0.32317,1.5275,-1.5409
1.9535,1.4989,1.513
1.8971,-0.024828,0.59966
-0.54809,0.9501,-1.1393
-0.83542,0.020738,0.83257
1.4465,0.13612,0.36527
0.82391,1.2313,1.0428
0.036897,0.33872,0.99558
0.68658,0.97986,-0.15257
0.092442,0.37788,1.3028
-0.41559,0.16586,-1.0567
1.913,1.0611,0.68275
-0.010189,0.74868,0.13947
-0.03557,1.3977,0.458
1.6443,1.5238,1.0526
-0.68183,1.15,0.1992
0.89529,0.26568,-1.1969
-0.58029,1.0473,-1.2002
0.34613,-0.064917,-0.46022
0.12682,0.79417,1.096
-0.85995,0.061994,0.65928
1.7494,-0.1575,-0.72494
0.90985,1.2402,0.43267
1.194,1.096,-0.10645
1.9504,0.96858,0.54845
0.15863,0.29381,-0.42737
-0.4008,-0.047202,1.0059
-0.99165,1.4959,-0.57166
0.75731,-0.10193,-0.37233
1.6077,0.34469,1.5633
-0.34108,1.5189,0.64449
-0.84668,0.16294,1.1461
1.3597,0.19649,1.52
-0.2203,0.75286,0.28595
1.05,0.13814,-1.1367
-0.96142,-0.15894,0.47921
1.6612,1.1803,-0.51496
-0.60612,-0.1468,-0.4016
-0.1888,0.24028,-0.28015
1.1775,0.0056844,-0.90442
1.488,1.2838,-0.99615
-0.22118,0.15265,-0.5242
1.4003,0.87026,-0.30461
-0.48536,0.1379,-1.0796
0.3829,0.18342,-0.2311
1.8367,-0.057574,-0.60112
-0.48733,0.57305,-0.11911
0.21131,1.2484,-0.74005
1.035,0.65462,-0.060241
-1.0123,-0.0097801,-1.5012
0.64181,1.3501,-1.2113
1.8125,1.3532,-1.074
0.27042,1.1822,0.14546
0.023723,1.0358,-0.6275
0.42766,1.3864,-0.55565
1.1231,0.050368,1.2735
1.3792,0.22321,-0.92018
1.001,0.40026,1.1988
0.11706,0.88469,-1.4045
1.5953,0.12235,-0.62662
-0.83995,-0.22457,1.3548
1.3527,0.90286,0.8565
-0.95768,1.1379,1.2228
1.0975,0.70157,-0.99876
0.94489,-0.14233,-0.42215
-0.068527,0.18887,0.16814
1.3646,1.1276,-1.2912
0.90476,0.69581,-0.28815
1.0779,0.27657,-1.0152
-0.84541,0.64175,-0.33121
0.74464,0.13811,-0.80744
1.7332,0.63174,1.4184
-1.0044,-0.16124,1.3972
-0.34781,1.1949,1.1313
-0.81493,0.58202,-1.5358
0.68114,0.89234,1.4896
-1.0137,1.0134,-1.4742
-0.054677,0.55125,1.29
0.93268,0.44697,0.54035
2.0667,0.82638,-0.99161
-0.58176,0.96741,0.41954
-0.15546,0.513,1.4652
-0.75828,0.83327,1.0419
-0.93327,0.58252,-0.52518
-0.78946,1.3191,-0.72958
1.9715,0.82721,1.4664
1.3475,0.43163,-0.8309
1.86,-0.062583,-0.53986
-1.0077,-0.0079742,-0.72309
-0.3901,0.4985,0.47268
1.5647,-0.23257,1.3579
1.9578,0.19196,-1.2603
1.9992,-0.024298,-0.92475
0.034784,1.1777,1.3594
-0.25978,1.1458,-1.151
0.14822,0.82185,-0.49974
1.6133,1.1924,-0.46006
1.1482,-0.15216,1.3645
0.22979,1.2205,1.2745
-0.31743,0.91416,0.10111
1.3498,0.69975,-0.96495
1.3668,0.49002,1.3928
1.6911,0.16266,-0.83594
1.8733,0.3041,1.4918
1.4485,1.1974,0.58175
-0.004125,0.056603,-1.3022
0.52868,1.3515,0.056679
-0.19634,-0.11312,0.68684
0.77352,1.372,-0.82644
0.02458,0.42277,1.2149
1.6957,0.11555,1.0726
-0.45645,0.27395,-1.1755
0.62718,0.82002,-0.43119
1.923,0.60083,1.0478
-0.83172,0.40337,0.3589
1.4119,0.36861,1.3242
1.3121,0.91224,0.68834
1.1126,0.0098506,0.63112
0.98005,0.70261,1.1873
1.4526,0.26417,-0.65664
-0.025003,0.49901,-0.43479
-0.80843,-0.26058,0.054781
1.5781,1.4589,-0.14242
2.0879,-0.027913,1.0506
1.9604,0.85841,-0.90088
1.0126,0.34807,1.178
-0.62417,1.5675,-0.42159
0.94685,0.84138,-0.78801
-0.27011,0.45446,0.78218
-0.66881,0.75552,-0.35045
0.18991,1.2979,-0.36632
-0.80391,-0.11779,-0.7443
0.71438,1.0102,0.28706
0.20704,0.62737,-0.39749
0.011838,1.2756,-0.94596
0.41733,0.31939,0.38393
0.82086,0.48534,-0.38733
-0.57485,0.56223,-0.71117
1.7276,0.86965,0.30601
-0.31098,1.4528,-0.85431
-0.83127,1.5547,-0.43707
-0.20907,1.4534,1.38
0.92692,-0.15317,-0.86838
-1.0393,0.71955,-0.26898
1.9716,0.52972,1.4228
1.7119,1.4417,-0.55262
-0.74951,1.0407,0.42695
-0.83119,0.40864,0.287
0.8099,0.075176,1.4413
-0.014998,0.85979,-1.1389
2.0008,0.77747,-0.47329
0.1145,0.82327,-0.05005
-0.83271,0.35598,-0.78249
1.4145,0.52908,-0.8944
-0.64502,0.80054,0.07983
0.15083,0.34228,-0.75
1.5685,1.1513,1.3434
1.1197,0.38512,0.24554
-0.16333,-0.32867,-0.84274
1.1983,1.1758,-1.5339
1.6687,1.2959,0.30456
-0.89694,1.1499,0.78341
-0.61005,0.17644,-1.4854
0.82784,1.1578,-0.85568
-0.82297,1.4181,1.1188
1.5819,1.2705,-1.2984
1.378,0.48271,1.2137
1.6463,-0.31744,-1.541
1.2704,0.72668,-0.88436
0.93314,0.60705,-0.37686
-1.0156,1.0684,-1.3869
-0.3938,0.71263,-1.2241
2.0028,0.64262,0.69055
1.485,0.92095,-0.82356
0.99308,-0.32501,1.181
1.2057,0.9332,0.84138
1.4124,0.50017,-1.1795
0.44601,1.3643,-1.5618
-0.45095,0.43777,-0.67833
0.55873,0.045885,0.9702
-0.13992,1.2729,-0.51875
0.93686,0.16502,-0.57075
0.84109,0.49834,-0.88888
-0.61784,0.15963,-0.44937
-0.066412,1.3268,0.14424
2.0812,1.4472,0.44825
0.6051,-0.28771,0.49964
0.73968,0.76019,0.18086
1.3285,1.4186,0.94905
-0.47408,1.5405,-0.77401
1.0691,0.54708,1.1537
1.1383,0.34472,-1.1348
0.87173,0.085232,-0.34769
1.271,-0.23055,0.39024
-0.17714,0.87985,-1.3378
-0.88453,1.5599,1.308
0.53253,0.078961,-1.4499
0.56578,0.12576,0.84617
-0.1704,1.4215,-1.0343
-0.49216,-0.32182,1.1168
0.55147,0.9566,1.1119
0.95073,0.92582,1.0943
-0.010329,0.80479,0.19377
-0.88169,-0.026279,0.78699
1.6088,-0.13248,1.0729
-0.0019476,0.46333,-1.4964
-0.19062,0.072609,-1.4457
1.0007,1.4859,-1.0254
0.95838,1.3499,-0.98597
1.1182,1.5055,0.90482
-0.64511,0.29055,-0.95014
1.312,-0.30297,1.3794
0.99498,1.241,-0.81546
1.5406,0.69112,0.77992
2.0434,0.9191,-0.44582
-0.92538,1.3275,-1.2364
1.7372,0.9329,0.61657
1.3041,-0.18962,-1.0483
0.74894,1.5081,-0.81671
-0.98856,1.2746,0.20115
0.49541,0.2258,-0.17927
0.89976,0.69509,-0.5779
-0.80137,0.18969,-0.18856
1.9937,0.58723,0.00064135
0.63981,0.3434,1.3572
1.3213,1.5388,-0.93152
1.3943,0.39961,-1.2136
0.97483,1.4708,1.3431
-0.36606,0.64199,1.2821
1.4516,-0.040973,-1.326
-0.37988,0.27285,0.73604
0.87278,1.0664,-0.84414
0.66285,0.36763,0.67637
1.1006,0.23933,0.51075
0.99907,1.5615,0.89704
-0.47911,-0.083477,-1.0819
1.4736,-0.11203,1.5113
-0.9527,0.93598,0.53343
0.86357,0.77377,-1.2298
-0.757,0.48645,1.1639
0.66693,0.86643,-0.2996
-0.68785,1.4785,-1.4309
0.86604,-0.31823,1.0801
1.7117,0.70082,1.23
-0.85006,0.40558,0.30455
-0.92558,-0.28617,-0.89122
0.84441,0.10648,0.99394
-0.037951,0.68981,0.94767
-0.67781,1.3383,1.1419
-1.001,0.1943,0.94907
-0.29418,0.62795,-0.012618
-0.01544,0.59675,1.3765
1.1616,0.2252,-1.0575
1.3492,1.0985,0.89184
-0.28353,0.93308,-0.95841
-0.80594,0.81129,-1.0385
0.83662,1.0459,-0.25166
0.38076,1.1779,-1.2571
1.1931,0.49518,-1.0865
1.4882,-0.29628,-0.13754
0.75204,0.78478,-0.78511
0.20206,-0.017168,0.56716
0.038288,0.53548,1.3964
0.21881,1.0016,-0.58768
-0.058606,0.74551,-0.63655
0.58206,-0.069166,1.3903
1.1946,0.91227,1.208
-0.51214,1.4099,0.93178
0.18777,0.020049,-0.21141
-0.2657,0.93459,1.4488
0.026207,-0.2616,0.63235
-0.97041,0.26835,0.34325
0.82086,0.67978,-0.82217
-0.62216,0.81299,-0.39164
1.4623,0.62044,-0.24148
-0.80015,0.38447,-0.55717
-0.25951,1.4961,1.2405
-0.17342,0.71586,0.48315
1.3901,1.2086,-1.3486
0.59637,0.30179,1.139
0.41321,0.85004,1.1071
-1.002,0.081068,0.94275
-0.2605,0.014486,0.66593
0.4489,0.28525,-0.088862
1.5263,0.33134,0.57614
1.1963,0.86962,1.3616
-0.88784,1.0136,-0.17242
0.79327,0.2787,-1.0667
1.422,1.539,0.46534
0.65844,0.42613,0.43849
-0.19094,0.38534,0.80146
0.44596,1.4666,1.0088
2.0634,-0.32151,-0.88383
0.85566,-0.27113,0.75632
0.0083512,0.27312,-1.1017
0.095616,-0.10427,0.54374
1.204,0.2875,-1.2796
-0.76957,0.56176,-1.2084
0.73411,-0.13048,-0.0059412
-0.87445,1.5359,-0.47054
-0.23957,0.82226,1.2605
1.9689,0.30507,-0.35643
1.7321,0.55464,-0.25835
0.88412,1.3223,1.5623
0.47065,0.33606,0.58469
1.3162,-0.12832,-0.78987
0.0036876,0.75662,1.4617
-0.29885,1.2602,-0.26013
-0.90875,0.46809,-1.5554
1.4157,-0.31675,0.2056
1.9839,1.5466,1.3456
1.6958,0.381,-0.64989
-1.0183,0.92167,1.335
1.9757,-0.32256,1.4799
1.9176,0.55607,-0.45448
0.3785,0.1219,1.1671
-0.021604,-0.25736,-0.94087
0.35334,-0.084096,0.062584
1.3279,1.2142,0.74559
1.4962,0.19575,-1.1528
2.0863,0.091119,-0.076323
1.832,0.75296,0.97514
1.9875,1.3468,-1.2335
-0.92867,0.90626,-0.092914
-0.40914,0.55587,0.83035
-0.48542,1.0509,-0.93577
0.87948,0.23321,0.38957
0.69199,1.4454,1.2156
1.4713,-0.087281,-0.4639
0.88026,1.0537,0.71228
-0.93787,1.3277,-1.1216
-0.69226,0.051148,-0.47923
-0.6928,0.67461,1.3301
-0.63864,-0.065414,0.81201
0.83628,0.9897,-0.54374
0.71168,1.3442,-0.27659
-0.8023,0.89746,-0.41768
-0.44405,0.31422,-0.87001
1.3935,0.15618,-1.3799
1.5773,0.68418,-0.66093
1.8756,0.82261,0.29923
-0.055116,1.5156,-1.1172
1.078,1.3836,0.37909
-1.0354,1.0223,-0.13849
0.76613,0.21961,-1.2567
-0.89329,0.41264,-1.2116
-0.10033,0.015508,0.86702
-0.54029,0.2444,0.040014
0.52502,1.4025,1.3154
0.081629,1.2827,-0.12872
2.0241,0.94955,1.2814
0.88442,1.2279,-1.3013
0.63871,1.0602,-0.74317
0.87339,-0.18445,1.1
1.1393,-0.19759,0.72006
0.85336,-0.099837,0.61986
0.45185,0.47622,-0.46563
0.3018,-0.11774,-1.4984
0.6952,0.70642,-1.4969
-0.39905,1.4893,0.71364
0.35047,-0.046765,-0.74079
1.185,0.50132,0.54044
-0.48671,0.46822,1.5151
0.99946,0.64673,1.0057
1.5591,0.45103,-0.04495
0.58202,1.1903,0.54663
0.16168,0.25004,-0.87347
-0.30271,-0.28266,-1.0028
-0.82762,0.3719,-0.29493
1.6824,1.122,0.74771
0.080714,1.1159,0.25172
0.76454,-0.13886,-0.52169
1.8196,1.0384,-0.13631
-0.76485,1.3633,-0.011201
1.3839,1.1906,0.47903
0.45464,0.21761,-1.5612
0.67588,1.1342,-0.28377
1.7005,0.073587,-0.3094
-0.086678,0.64168,-0.32614
1.0125,0.86982,1.0074
0.24089,0.71405,1.4865
0.1036,0.40304,-0.79321
1.2052,1.5682,-0.10634
1.5713,0.91059,-0.1695
1.0669,0.78079,-1.0492
1.8267,-0.22352,0.91287
0.41434,1.1872,0.74608
0.85696,-0.26959,-0.1613
-0.25865,0.96234,-0.12457
-1.0012,0.34387,0.94883
-0.53669,0.71788,0.32219
0.68611,0.33792,0.86801
-0.26086,0.30091,0.85273
0.10527,-0.27753,1.3745
-0.87408,0.2492,-0.40789
0.9482,0.59897,1.4407
1.8836,0.56678,-1.2416
1.3238,-0.0045767,-0.60285
1.3714,0.46429,0.95665
-0.24291,0.068792,1.1711
1.6486,1.1337,-0.49472
0.85988,0.27862,-0.98991
0.84019,1.4948,-0.46965
-0.25231,1.2204,-0.52964
0.095125,1.3951,0.62238
0.69067,0.40625,-0.59866
-0.65375,0.52272,1.1037
0.69495,-0.32717,1.5651
1.4396,0.093111,-0.99868
-0.96282,0.56841,1.5409
0.69891,0.47166,0.23593
1.7547,1.5502,1.3118
0.90635,0.081525,0.21742
1.9032,0.28487,1.0794
0.70366,-0.26977,-0.05304
-0.8024,0.61021,0.26288
-0.60312,1.1711,1.0335
0.27094,0.43219,0.73669
-0.48111,-0.11711,0.81704
2.0094,0.45953,0.97308
1.5452,1.1639,0.51077
1.5312,1.5121,-0.8191
-0.27992,0.17109,0.19715
1.8737,1.1151,1.056
1.4643,-0.31823,1.0633
1.3388,1.3955,-1.5082
1.4048,0.44944,1.3187
-0.85433,-0.16624,1.2418
1.2026,1.4231,1.2599
1.4857,0.081351,-1.5372
0.58036,0.061741,-0.40475
1.2976,0.31752,0.077623
0.10089,1.4695,-1.1978
0.62554,0.25586,0.40489
1.4038,0.37552,-1.1067
1.693,0.019577,1.4098
1.3574,0.816,1.5303
0.5838,1.3872,0.11002
-0.19753,0.28991,0.96347
0.69202,0.9107,-0.60512
-0.48262,1.0664,-0.87817
-0.058246,1.4234,-1.474
0.53001,-0.26929,-0.83489
-0.64147,-0.20112,1.447
-0.060696,1.2751,-1.2892
-0.69865,1.3798,0.52715
0.64276,1.3574,-1.4932
0.019461,1.2288,-0.23145
1.9052,0.82353,0.70983
-0.61551,1.5607,-0.46739
0.99656,1.3351,-0.60625
-0.98692,0.66658,-0.19112
1.7575,-0.34731,-0.42995
-0.064484,1.4895,0.7285
-1.0355,1.5024,0.36759
-0.67074,1.1397,0.88933
0.64041,0.95642,-1.5017
0.14031,1.1101,-1.3222
-0.99343,0.55788,-0.58676
1.6112,0.008842,-0.43925
-0.089918,0.31715,0.73274
-0.54766,0.25828,0.64479
1.1054,0.82435,-0.038088
1.0695,1.4441,1.1656
1.4008,1.491,0.37565
0.12775,0.53316,0.83592
1.5097,0.97207,-0.84327
-0.4471,1.2549,-0.31842
1.6436,1.4851,-1.2075
-1.0073,0.59841,-0.13327
1.1031,0.48395,-0.36436
0.1374,0.03559,-0.35114
1.7246,0.5727,-1.328
-0.17803,1.143,-0.4572
-0.0072977,1.4637,-0.4407
0.048,0.31131,0.93334
0.20179,-0.011412,0.71471
1.9449,-0.12285,-0.91636
1.0183,0.18948,-1.4104
-0.35119,0.59751,-0.18613
0.203,0.28477,-0.91056
0.90859,0.49938,0.13042
-0.91545,0.29884,-0.73168
-1.0243,1.0728,1.3841
0.51982,1.4158,-0.70937
-0.52772,1.0531,-1.0478
-0.99283,0.96807,0.18542
-0.18526,1.3565,-1.4558
1.2837,1.472,-0.20783
0.082529,1.4416,-0.18043
-0.60793,0.0098039,-0.42745
0.88121,0.70363,0.31729
0.27461,0.14289,1.1139
-0.80198,0.14668,-1.3843
0.68529,1.5585,-0.76086
0.6326,0.2844,0.50997
-0.95395,1.232,-0.87458
0.71121,1.4286,-1.3042
-0.18202,0.33143,0.99123
1.7871,1.3055,0.51933
0.26728,0.93198,1.1758
1.2563,-0.25867,0.75831
1.1251,0.62382,1.2486
1.5205,-0.20972,0.15807
2.0844,1.0518,-1.3775
0.021322,1.5102,-1.221
-0.17727,1.3014,-0.6202
1.4628,1.1083,-0.49456
-0.05364,0.89508,-0.69263
-0.89062,-0.15922,-0.91025
0.8363,-0.17625,-0.1693
1.0096,-0.30458,0.39753
-0.77597,0.48806,-0.35654
1.3456,0.11694,-0.16922
1.7993,-0.19292,0.042601
-0.81941,1.4962,1.1463
-0.67274,-0.012666,-0.62118
2.0364,-0.24841,0.73152
1.0608,0.73538,-0.44201
1.4681,0.30161,1.5671
-0.30512,0.27903,0.62862
-0.1962,1.1322,1.2416
2.0267,0.81681,-0.34058
-1.0449,-0.17859,1.1985
1.1493,-0.080827,0.65132
0.33403,0.71437,-0.7671
1.3402,1.5233,0.22026
-0.92624,1.1098,0.76827
0.13064,0.11231,-0.45853
1.916,0.71627,-0.088147
1.9559,1.2742,0.68151
-0.64247,1.3842,0.76367
-0.24313,0.86611,1.1732
-0.84871,0.82577,-1.2084
2.0589,1.1605,-0.34047
-0.36792,1.1861,0.27277
-0.54961,1.4363,-1.1754
-0.85545,1.0479,-1.2395
0.85818,1.5685,-0.99185
-0.2379,0.45111,0.21457
1.8487,0.79168,-0.68263
0.032077,1.2091,0.47192
0.12714,-0.2266,0.5621
-0.94402,1.0656,0.6245
-0.0733,-0.017704,0.18876
1.5301,0.32236,-0.75902
0.52162,0.79433,-0.047541
1.9764,0.62103,-0.81023
-0.33697,1.2455,-0.54098
0.5267,0.16098,-0.62664
0.025266,0.20386,-0.097257
-0.18901,0.24105,-1.3452
1.2051,1.5344,0.65005
1.6938,1.2095,0.1306
-0.050978,0.52175,1.1304
1.9449,1.4491,-1.0326
0.71849,1.3515,-0.094971
1.3678,0.33269,1.2435
-0.24921,1.296,-1.5681
-0.18627,1.5198,-1.5269
0.10665,-0.2232,1.3764
0.030515,1.066,0.88619
-0.63897,0.24107,-1.2081
-0.8291,1.0943,0.84327
-0.025557,0.20466,0.96918
-0.36398,0.70335,-0.25852
1.0908,0.35679,-0.66102
1.8217,0.65892,0.56971
1.0869,0.24011,0.99514
0.52329,-0.30261,1.3166
1.6475,0.53659,-1.3712
-0.7161,0.92585,0.34754
0.87981,0.17111,1.0297
1.31,0.065998,0.37851
0.76637,0.60028,0.38467
-0.7451,0.58818,-0.57416
1.7498,0.19183,-0.80602
-0.62147,0.95563,-0.13626
1.9718,0.48222,-0.23536
-0.10326,1.447,1.0961
-0.51173,-0.11481,-1.0393
-0.46301,1.0016,0.66011
-0.15062,1.1863,-0.25553
0.40912,1.3453,0.18692
-0.12111,1.0098,-0.63104
-0.2992,0.18536,-1.4997
-0.44324,1.2011,1.4694
0.93183,-0.19016,1.2064
-0.11868,0.57449,0.38387
0.87543,0.50591,0.22564
0.62361,1.4768,-0.063641
0.49068,0.53126,1.0598
-0.35754,1.4787,-1.1033
-0.15853,0.78635,-1.1847
-0.28326,0.87607,-1.3384
0.24366,1.2225,-0.13723
0.58051,0.83048,-1.2403
-0.20783,1.3295,-0.87523
2.0338,1.3766,-0.2829
2.0495,0.028186,-0.45433
-0.92177,1.2867,-0.46017
0.7657,1.3067,0.52762
1.3442,1.2719,-0.47564
0.33433,1.2008,-1.4997
0.32877,0.80005,-0.3875
-0.22443,1.4842,0.046715
1.4973,0.38249,0.94316
0.67398,-0.22056,0.52545
1.9888,0.7762,-1.0634
0.35654,0.81184,-0.21837
1.9,1.4748,0.57456
0.34312,0.58517,0.86904
1.4605,0.60582,-1.5166
-0.50644,1.2221,-1.0631
1.365,-0.19018,1.4191
1.2221,-0.040917,-1.2545
0.86024,0.7832,1.2597
1.666,0.13714,-1.5142
1.9539,1.4019,-0.2874
1.6647,0.075093,0.25796
1.6607,0.83498,-0.15466
-0.50284,1.2081,0.0033129
2.0371,1.097,0.2381
0.95111,-0.17942,0.25486
0.1026,0.87651,-0.95344
-0.14222,1.1574,-1.1342
-0.31476,0.52104,0.99129
-0.52075,-0.097551,0.95531
0.34866,-0.20035,0.069306
0.33317,1.5347,-1.1273
0.10588,-0.27982,0.91312
-0.26697,1.2919,1.4205
1.2476,0.4208,-1.4552
-0.86616,0.71702,-0.86264
1.8832,0.29952,-0.28993
0.40172,0.63926,-1.4299
0.24998,-0.11188,1.1465
1.6896,0.31378,-0.69408
0.94988,1.138,1.0102
-0.45021,0.097172,-0.77223
-0.81437,0.3873,1.3721
1.4331,0.62733,1.4077
1.2512,0.72643,1.1605
1.1208,0.0091129,-0.3895
0.47088,0.68159,-0.63964
1.3044,0.57102,-0.60343
0.80106,0.56737,1.2185
0.88832,0.7529,0.62107
0.43743,0.13028,0.38357
0.038111,-0.15063,-1.5437
1.5833,1.4688,1.2199
-0.062775,1.5,-0.2803
0.37828,1.3907,1.1271
0.015435,0.60471,-0.37439
1.1405,0.15596,-1.0504
1.7164,-0.074642,-0.48621
1.0425,-0.29779,-1.5359
-0.49764,0.197,0.86259
0.78949,0.99982,-1.0558
0.71382,1.0348,-0.24989
0.34931,0.38622,0.75828
-0.077338,0.30865,0.33061
0.29632,-0.057911,-0.36824
-0.52998,0.34828,1.3041
0.65047,1.0794,-0.01873
1.8879,0.73683,1.3916
-0.32293,0.73235,-1.4678
0.25634,1.0084,0.77179
0.70301,0.636,-0.76223
-0.20831,0.15931,0.213
0.28804,0.92981,0.71148
-0.50975,0.012971,-0.46094
-0.53895,0.16447,-1.4103
-0.75852,0.30032,0.13379
0.67706,1.0507,0.63245
-0.611,0.228,1.2837
1.0788,1.3572,1.1019
1.4947,1.0402,0.15475
-1.0044,-0.25792,-0.54496
-0.33291,1.3218,-1.2556
1.5076,0.81845,1.5234
1.2682,1.0389,0.89561
1.0697,0.22881,-0.22912
-0.4358,1.4849,-0.78843
1.6534,1.3935,-0.076799
-0.32191,0.19304,0.6119
0.67762,1.2022,1.1753
-0.22188,-0.11877,-0.24722
1.3925,0.080518,-1.1747
-0.28921,1.0262,-0.9623
-0.22321,-0.025857,0.33515
1.975,0.55696,1.247
0.88949,0.78999,-1.2708
-0.56861,1.2798,0.88645
-0.91639,1.0661,0.80215
1.3103,0.16349,-1.4678
-0.73356,0.6039,1.296
-0.57926,0.38458,-0.28136
0.46979,0.73727,-0.042461
-0.74327,1.0115,0.3107
-0.81005,0.59732,-1.1123
1.3122,0.15566,0.020855
0.15779,0.55786,0.84998
-0.3305,-0.091208,0.18465
1.9162,-0.0015579,0.1055
-0.033022,-0.034551,-0.27962
-0.15188,1.2661,1.3394
0.62732,0.27553,-1.5059
0.41144,-0.018335,-0.3921
-0.21203,1.4016,-1.3705
0.36327,0.10973,-1.3172
1.7478,-0.017196,-0.65151
0.79304,1.3597,-1.1047
0.16823,0.0751,-0.48142
-0.67341,0.12429,0.79978
-0.86884,0.33581,0.59201
0.9074,0.95884,1.3026
-0.48282,1.1536,-0.704
-0.90814,1.5706,0.24284
-0.73641,0.3335,0.68651
1.2095,0.26392,-0.10914
2.0312,0.58528,0.19458
1.2638,1.087,1.4871
1.1371,0.39025,-0.044067
1.0628,0.75193,-0.8116
-0.42128,0.86502,-0.12784
1.424,0.7241,0.28944
-0.87259,0.67635,-0.69126
0.066249,0.65055,-1.1555
1.1726,1.4467,0.89761
0.27115,1.3372,0.064907
-0.56737,1.0711,1.1347
0.0497,1.5408,-0.88224
0.47109,0.45362,-1.0313
2.0018,0.62865,-0.60754
-0.25926,1.2317,0.10583
0.3675,0.63103,-0.86465
-0.54444,1.0298,-0.273
0.36484,1.4812,-0.3775
0.62533,-0.2402,0.57673
-0.8727,1.187,-1.2292
1.1791,0.12532,0.51473
0.091891,0.23552,1.4035
1.4261,1.3532,-1.5238
0.089925,-0.18421,0.6711
0.69437,0.15001,-1.4631
-0.48988,1.0621,-0.35069
0.91331,0.99961,-0.46648
-0.98097,-0.21367,-1.5137
-0.46987,0.73742,-1.5279
-0.46519,-0.22298,-1.256
-0.54584,0.092745,0.86889
0.79587,-0.21437,1.4593
-0.95868,1.3596,0.88091
1.3448,0.91005,-0.22921
-0.24724,0.21521,0.36703
-0.5105,1.3086,-1.2095
1.0428,0.15442,-0.25913
0.85771,1.5364,-0.73582
1.8471,-0.14145,-0.19209
1.3161,0.36875,0.57425
1.8968,0.401,1.1763
0.9871,0.98448,1.191
0.6435,1.2909,1.3566
0.65,-0.16361,0.30394
0.14333,0.67836,-0.61689
0.28456,0.9426,0.92018
1.1156,0.17,1.1369
1.7421,0.49581,-1.5524
1.4648,1.565,-0.43639
2.0071,0.9707,-0.91879
0.12729,0.062794,1.0769
0.71016,1.0067,0.10627
0.28178,-0.14131,1.2131
1.3631,-0.24551,0.78103
1.2887,0.83093,0.54087
1.5166,1.4861,-0.59846
1.9451,0.35738,-0.41441
-0.068242,1.4729,-1.0622
0.7558,0.40243,0.84542
1.1005,0.21839,-1.2697
-0.16915,1.1176,-0.076306
-0.42118,-0.04893,-0.70396
0.47625,0.43433,1.3285
0.48823,0.33661,-1.5149
1.3453,1.0909,-0.01786
0.89611,1.4113,1.3069
0.88579,0.28737,-1.0111
1.6327,-0.17478,0.49642
-0.26172,0.5521,1.2614
-0.36446,-0.33234,-1.3908
-0.49018,-0.023196,0.31976
0.90276,0.24371,-1.3591
0.69985,-0.18445,0.42779
-0.7814,1.414,-0.69957
1.8038,1.1502,1.2276
-0.79196,0.50983,-0.48056
0.17355,0.16339,0.041219
1.1598,1.5237,-1.3932
0.5043,0.11664,0.064523
1.6918,0.201,-0.17618
2.0044,0.50092,0.74683
1.634,0.59408,-0.6869
0.38895,0.17236,-0.75162
0.99609,-0.091999,1.0407
0.83427,1.568,1.216
-0.19519,0.97198,-1.0698
-0.15407,-0.18283,-1.1718
1.9221,-0.12708,-0.69837
1.7673,0.098917,-0.0078894
-0.048001,0.9907,-0.45118
0.95466,0.032702,1.0498
0.46599,0.1228,-0.22704
1.6632,1.2877,-0.37493
0.55844,0.75855,-1.067
-0.31792,0.403,-1.3201
0.52569,0.90155,1.0313
0.78522,1.3678,-0.18385
-0.67349,-0.16502,-0.23639
-0.078087,0.75543,0.22477
1.0191,-0.26802,-0.18086
1.9223,1.3655,-0.36027
-0.26897,1.2365,-1.1123
-0.81806,1.0735,0.084141
1.4886,1.5652,-0.82681
-0.92869,-0.012089,-0.60769
1.3648,0.24742,0.55621
1.1818,0.42918,0.15089
1.9528,0.8681,1.0297
0.5588,1.1303,0.34198
0.6241,0.93802,-1.0117
0.60378,0.15594,-1.3613
-0.19353,0.7703,1.5478
0.76707,0.51753,0.42459
0.30168,0.8073,-1.2765
0.52126,-0.25554,-0.37144
0.36934,0.70677,-1.1961
-0.52223,0.55891,-0.049807
-0.04979,1.3731,-1.3925
1.2173,0.98275,-0.10189
1.948,0.23638,-0.062436
1.838,-0.19737,1.0547
-0.54028,0.32376,-0.22241
-0.17871,1.4851,-0.30243
-0.29874,0.742,0.044205
0.5184,-0.11226,1.2286
0.53079,0.28475,0.83759
2.0859,-0.25341,0.015225
1.5609,0.10453,-1.3499
1.7204,0.82144,-0.95071
1.1732,1.3752,-1.0999
-0.026196,0.45775,-0.33449
0.10283,-0.25557,1.0956
0.4618,1.2437,-0.12163
-0.027247,-0.2869,-0.73522
0.41858,0.3647,-0.51436
-0.037462,1.0899,-0.66502
1.0344,-0.21892,-0.029067
0.37101,0.51715,-0.34113
-0.9344,-0.17816,-1.291
-0.027466,0.58256,1.5206
0.88129,0.71817,1.0097
1.1891,0.44333,-1.4696
-0.31764,0.76,-0.23505
0.95457,0.51546,-1.0795
0.93892,0.51165,-1.032
0.52237,0.16611,1.1314
-0.52691,-0.13205,0.044225
1.0008,0.96438,0.53343
0.70924,1.2381,1.2123
1.7419,0.91654,0.094264
1.3111,0.46807,0.2128
1.8661,1.3875,0.40873
-0.84747,0.22929,-0.0028604
1.5593,-0.090019,0.75146
1.1784,1.2582,0.77748
1.2287,-0.075009,1.1509
-0.1834,0.35347,1.3488
-0.021014,0.42452,0.45883
0.46218,0.92554,-0.12615
0.81366,1.3773,-1.0546
1.9712,0.84578,0.7097
1.2177,1.2396,-1.1828
-1.0029,1.0064,1.2559
0.59746,0.52987,-0.010026
-0.18791,0.85575,0.56508
1.3678,1.4773,-1.0025
-0.44126,0.94602,0.80926
-0.99219,-0.16165,0.53268
-0.69116,1.0681,-1.3216
0.79574,0.063155,0.31818
0.31378,0.58115,-0.57434
-0.87571,0.050801,1.1461
1.344,1.0555,1.5656
0.94735,0.31447,0.3622
1.532,0.73157,1.1245
1.4342,0.0039995,0.12044
-1.0172,0.62,-0.60219
0.81845,0.33449,0.86519
-0.88894,0.39742,-1.4491
-0.45315,-0.033926,-0.87168
1.2882,-0.11818,1.0903
-1.0143,0.71841,0.59373
1.7815,-0.10032,-0.44612
0.79627,-0.20401,0.81303
-0.7352,1.2872,1.0008
-0.20513,1.1152,-0.32205
-0.40443,-0.26048,-0.23194
-0.37024,1.4172,0.083831
-1.0216,1.3258,-1.0429
1.1954,0.99187,0.63723
1.6611,0.31311,0.98081
0.1877,-0.34607,-1.0468
1.4844,0.10849,-0.60854
0.82946,1.3326,-1.5258
1.5276,0.094802,1.1493
1.2861,0.79883,1.4833
-0.68079,1.4634,-0.53215
0.8899,-0.33125,1.4238
0.45496,-0.095864,-0.77617
1.0485,0.13239,0.084681
1.9712,0.97656,-0.24281
1.1114,-0.1876,0.71984
0.78209,-0.030799,1.3784
-0.14311,0.61801,0.88518
1.6898,0.0771,1.2153
0.98213,0.25136,0.66059
1.2825,-0.034557,-1.5489
-0.0084153,1.3799,-0.61231
0.54172,1.2173,0.26816
1.0861,1.1484,1.2689
-0.76504,-0.012361,-0.93409
0.71964,-0.087991,-0.58102
0.85206,0.49403,-1.1908
1.3907,-0.2806,0.90469
-0.82195,0.35072,0.43652
1.2341,0.023689,-1.4455
-0.88997,1.2693,0.94633
-0.45716,0.3842,0.28041
0.87402,0.085973,-0.020219
-1.0027,1.3808,0.13573
-0.96987,0.76413,0.54308
-0.61364,1.3478,-0.50609
-0.46316,1.1232,0.53167
-0.63525,0.52319,-0.57015
1.2071,0.86164,-0.0021949
1.8288,-0.096845,0.22307
0.68038,0.2508,-0.29098
0.73033,0.059569,0.86973
-0.17207,0.19797,1.2579
0.19346,0.36704,-0.97827
0.054737,0.30017,-1.483
-0.41445,1.2321,-0.99127
-0.60054,0.45513,-0.62904
0.62027,0.84348,1.2277
0.13269,1.5025,-1.107
1.7799,1.1773,-0.74613
1.3304,-0.1102,0.17441
1.7351,-0.29979,-1.5112
0.65599,0.9245,-1.2894
0.71535,1.1234,-0.13255
0.039746,1.1799,-0.70189
1.7076,0.46079,-0.31702
0.53537,1.1887,-0.070266
0.85643,0.51098,-0.080419
0.605,0.69447,-1.0196
0.88596,0.64573,1.2391
-0.28182,0.81396,-0.24618
0.39397,-0.1905,-0.3184
-1.0424,1.3383,1.4402
1.4853,1.0892,-1.1806
0.065434,1.2802,-1.0599
-0.43372,0.19343,-0.47583
-0.29916,-0.34582,-1.0336
1.6761,0.66667,-0.14257
0.38573,1.3939,-0.43922
0.88611,-0.00098284,-0.36702
1.5352,1.5014,0.92283
1.5735,0.54822,1.2577
-0.70923,1.1493,0.9537
1.5259,0.14846,-1.2793
1.804,0.67325,-0.36629
-0.6304,0.22104,0.62796
-0.72619,0.47361,-1.4848
-0.2203,0.11619,-0.9988
2.0101,-0.14131,-1.0971
2.0933,1.1755,-1.3025
-0.57548,0.93525,-0.30185
0.24923,0.70436,0.58482
1.6238,-0.031145,0.21469
1.1496,0.077557,0.71578
1.1553,1.1771,-0.20277
1.2502,0.23773,1.3982
1.8494,1.3331,0.074277
0.01567,0.45351,-0.010581
0.10042,0.65674,-1.1565
-0.11964,0.7188,0.17207
0.26798,0.50775,-1.1851
0.46998,-0.29166,-0.82296
-0.56691,0.30544,1.2047
1.5084,0.73333,1.2278
0.68124,0.24748,-1.2992
0.72136,-0.06154,0.26864
0.88127,0.30963,-0.2158
-0.14159,-0.036847,-1.454
-0.015913,-0.24227,-0.4508
0.70875,1.3311,1.0598
-0.92485,-0.25531,-0.50276
0.99244,1.0148,-1.2947
-0.26267,1.061,-1.0078
0.49486,1.0803,1.1566
-0.33906,-0.21552,1.043
1.0686,0.68297,1.1709
1.907,0.046957,0.75161
-0.010631,1.5628,-1.3499
2.0583,0.11412,1.3874
1.4786,0.38454,-0.99198
-0.61154,-0.14162,0.065539
0.37555,-0.18162,-1.4939
-0.7251,0.73881,-0.010976
1.8746,-0.2205,-0.4431
-0.77364,1.2604,-1.4263
-0.94349,0.94286,0.10569
2.0432,1.5576,0.47113
1.0657,-0.30129,1.0239
1.6285,0.061384,-1.1146
1.4886,0.18751,-1.1765
0.4913,1.5184,1.4323
-0.92723,-0.16255,1.5442
-0.63791,0.019363,0.71087
-0.09989,-0.32735,0.3957
1.2121,1.4536,1.3754
0.98283,-0.029473,0.19689
-0.01407,-0.077636,-0.16671
1.4558,0.35353,0.64884
1.9967,0.33078,0.77072
1.0089,1.0032,1.2215
1.8999,1.4077,-1.0057
-0.63095,1.5684,0.40038
0.7164,0.20405,0.77773
-0.44481,0.99073,-1.0576
0.85627,-0.11281,-1.0122
1.4913,0.58663,-0.50123
0.56099,1.3594,0.79858
2.0272,0.31691,-1.0731
0.30021,1.1878,0.92344
0.63016,1.1108,0.76005
1.4195,0.44043,-0.3892
1.8875,0.47993,-0.8825
0.3013,1.3131,0.54425
0.9429,0.84134,0.61855
0.042867,-0.28096,-0.69131
-0.21003,0.065633,-0.58568
-0.8339,1.2734,1.0529
0.61063,1.2674,-0.35472
1.1783,-0.082248,-0.17738
1.6298,0.98907,0.98787
-0.86066,0.14572,-0.7541
-0.6949,0.10557,-0.11324
1.6085,0.78463,0.29139
1.6376,1.4407,-0.28653
-0.67085,1.0324,1.0257
1.3379,0.27575,0.42302
1.1383,0.60136,-0.13945
1.9557,0.23444,1.5011
0.77253,1.0577,-0.073843
0.60988,-0.023374,-0.51526
0.70486,0.81665,-0.53256
-0.95776,0.66648,-1.3617
0.999,1.3633,-0.13063
0.36326,-0.32095,-0.61375
0.37876,0.70839,0.61218
1.9959,0.86959,-0.12782
-0.81814,-0.029999,1.2535
1.7933,1.2814,0.39616
-0.48397,0.9706,0.38812
0.4909,0.55068,1.1977
1.8842,1.2687,-1.1415
0.55982,1.1193,0.5723
1.7097,1.1375,-0.12314
1.888,-0.30027,1.281
-0.72,0.4949,-0.034771
-0.41529,0.29613,-0.4976
1.2766,0.72079,-1.483
1.2699,0.26869,1.5075
0.98715,1.4489,1.4672
-0.31791,-0.059497,-0.75289
0.61239,-0.12285,-0.23109
-0.91616,-0.3207,-0.50285
0.36545,-0.1079,-0.14775
-0.8856,0.60982,-0.57248
1.9683,0.87202,-1.1249
0.15237,-0.29383,1.3309
-0.20288,0.26821,0.051779
2.0141,0.10793,0.93678
-0.056477,0.14801,-0.94113
-0.54398,1.3232,0.66803
0.85934,-0.082525,1.4995
0.81065,0.093931,-0.22653
0.80321,-0.33935,-0.56626
-0.95865,0.62219,1.0446
1.1257,0.22817,-0.5306
-0.040338,0.70739,-0.52981
-0.18691,0.81859,-0.16541
1.4974,1.1193,1.2025
1.0607,-0.052672,-0.22774
0.27453,0.27977,0.60775
0.17045,0.89251,1.2684
0.79275,1.4321,0.023853
0.45186,-0.081526,-1.3761
1.117,-0.24251,-0.068497
1.2709,-0.073162,-0.25322
-0.30518,1.1347,-1.1397
1.5618,0.68695,-0.39702
1.4941,0.96964,-0.97424
0.83288,0.73104,-0.33451
0.87061,0.16297,1.0977
0.98231,1.2742,-0.97607
-0.66945,0.12365,-0.52873
1.8977,0.041538,-0.19626
0.11165,-0.19039,1.4833
-0.42387,0.097885,-0.47172
1.8435,1.5337,1.158
1.3003,-0.021771,-0.33732
1.7788,0.037651,0.48541
0.43877,-0.24964,-1.2316
1.4442,0.62625,1.5433
-0.57856,1.1563,0.67196
2.0888,0.62799,-1.01
-0.085854,0.49223,-1.4134
-0.54095,1.2534,-0.062599
-0.58118,-0.2772,0.62198
0.36676,1.4421,0.82315
0.99262,0.87963,0.73793
0.0018038,-0.24087,1.0075
0.39655,-0.15598,1.0891
1.5891,1.1764,0.31857
-0.13496,0.31257,0.30167
1.4515,0.37203,1.1527
0.42673,0.10596,1.5367
0.28359,1.508,0.66121
1.1588,0.28448,-0.44804
0.080598,-0.34466,-0.85922
1.7512,0.67256,0.98737
0.46932,0.22155,-1.02
0.12179,0.9795,-0.44007
1.1754,-0.27265,-0.63609
0.23327,1.3064,0.88337
1.9243,0.77592,1.3492
-0.28583,1.1763,-1.5681
0.57839,0.10609,-1.0221
1.0533,0.58355,-0.076202
-0.046306,1.3146,-1.2592
0.63656,0.36674,0.20165
1.9067,1.2843,1.0926
1.0801,0.27136,-1.1815
0.73984,0.62733,0.1752
0.68667,1.0608,1.5619
0.73088,1.3876,1.3369
0.45628,-0.13868,0.34419
1.0083,0.15481,-0.68632
1.9749,0.030947,1.1248
-0.89484,0.93512,-0.28957
-0.55875,1.3379,0.035881
0.025836,1.2438,-1.1586
1.4846,0.15834,0.43735
-0.94856,0.74128,1.373
2.053,0.31678,-0.63948
1.1014,0.34811,0.50482
0.48921,0.29512,0.026872
0.25864,1.401,-0.99071
1.8932,-0.33121,0.10404
1.5354,0.44067,0.45887
-0.66394,1.4279,1.0564
-0.061169,0.73201,0.22657
-0.052993,1.2296,1.4879
-0.11217,0.51757,-0.69967
2.0272,-0.2888,-0.13893
0.17111,0.10823,0.30244
2.0128,0.97288,-1.3027
2.0618,0.74804,-1.1445
-0.71613,1.5568,0.8429
1.0417,0.96924,1.272
-0.25305,-0.069886,-0.55512
0.054278,0.11351,-0.56732
1.5182,-0.15568,-0.26963
-0.62577,0.45573,0.17282
2.0776,0.8464,-1.0969
-0.75916,1.0602,1.4933
2.0742,1.2158,-1.5386
-0.48159,0.82504,1.4472
1.078,0.74904,-1.3605
-0.82945,0.021697,0.33535
2.0239,1.4415,-0.51397
0.46334,0.099991,-0.92322
0.71359,0.65322,1.004
1.1819,-0.18585,0.98434
2.0682,-0.067547,0.46102
0.70518,1.1068,0.40798
-0.34778,1.4497,0.19509
0.26025,1.2602,0.70714
-0.64027,0.44642,0.54181
0.53621,0.13564,1.5104
-0.80922,0.74463,1.2243
-0.79411,1.0976,-0.22957
0.19279,1.0151,0.42358
0.92715,-0.010525,1.0326
0.93972,0.25081,0.68168
-1.0167,-0.17524,-0.95686
1.2517,0.97151,0.080616
-0.5076,0.15179,0.79257
1.5825,1.1078,1.2675
0.41585,0.78385,-0.62053
0.97143,0.67705,0.12419
-0.54015,0.71563,-0.12252
-0.23108,1.1234,1.2013
2.0704,1.2707,1.0868
2.0501,1.5053,-0.4952
0.81228,0.91278,-0.041094
1.7221,-0.13571,1.0014
0.11734,-0.096872,-1.4857
-0.45739,0.91337,-0.50873
1.637,0.73188,1.3853
0.78813,0.75949,0.3301
0.51303,0.94523,0.48086
2.0184,0.20774,-0.5274
1.274,0.32473,0.80262
1.0435,-0.1057,-0.090165
-0.35865,0.93701,0.44802
0.73926,0.87351,-0.015384
1.9087,1.0008,0.65557
1.6444,1.2823,0.43936
1.5691,-0.23212,-0.70534
0.92833,0.19322,0.65681
-0.76533,0.35385,-0.22246
1.2815,0.71727,-1.0675
0.12282,0.65728,0.44056
0.43034,1.3479,1.1491
0.25889,0.095531,-0.19033
1.5667,0.33055,-1.3695
-0.069647,1.5415,-0.16208
1.609,0.145,-0.327
0.17685,0.27276,1.5538
-0.20184,1.3335,0.70061
-0.74594,-0.029216,0.9103
1.3962,0.98069,-0.050896
1.9314,0.94233,-0.97486
0.71535,-0.1124,1.226
0.41367,-0.094401,1.2106
1.3564,-0.32337,0.63229
1.4337,0.87143,-1.4873
-0.99774,0.35782,-0.092692
-0.98523,-0.10127,-0.2251
-0.11913,-0.25654,-0.38318
-0.24049,0.81843,-0.42062
0.69935,-0.0029198,0.23049
-0.75619,0.68673,-0.46705
-0.15691,0.049454,-0.68614
2.0811,0.69918,-0.59668
0.87854,1.2797,1.0713
-0.2622,0.92432,0.00072517
0.76739,-0.0046408,1.044
1.3125,1.0793,-0.35314
-0.54935,1.4334,-1.267
1.4745,0.30995,-0.53798
0.71435,0.5055,-0.53793
1.767,0.52035,-0.61136
0.90551,0.36331,0.18804
1.9191,0.38428,0.2207
1.5747,0.72322,0.4784
0.98728,1.2582,-0.24733
-0.11647,-0.079981,0.99211
1.3268,0.21194,-1.5183
0.88717,0.23974,0.29693
0.51329,-0.27726,0.83856
2.0155,0.16584,0.83467
0.89051,1.1731,0.50044
-0.14916,1.4264,-0.67425
1.5389,0.89292,-0.049617
0.74185,-0.2205,1.2433
-0.20379,0.77972,-0.053838
-0.085223,0.70595,0.11798
0.57534,1.3628,0.76274
0.87484,1.3122,-0.49234
1.5503,0.83629,1.1998
0.83574,1.3669,-0.87557
1.4014,1.298,1.0858
0.50987,1.2271,0.83199
1.2762,1.3759,-1.4496
0.74671,1.3161,0.27429
0.11852,0.92723,0.86478
1.0299,0.28144,0.0083235
0.027123,0.91352,1.5046
0.92819,0.64776,-0.44774
1.5841,1.2238,1.2023
1.0413,0.52464,0.42829
1.1828,-0.0018317,1.2633
1.5229,0.88192,0.65308
-0.32973,0.55393,-0.047551
2.0018,0.3378,-1.2482
0.739,-0.032353,-0.79353
-0.38608,0.82763,0.043549
-1.0083,1.364,-0.48153
2.0206,-0.33706,1.3388
1.687,0.8521,1.3046
1.7012,0.16043,1.1597
0.87553,1.5404,0.11042
-0.20567,1.1289,0.62461
-0.20742,1.3015,1.0113
1.9669,0.50726,-1.5128
0.74303,0.42145,1.5602
0.38756,0.33772,0.47072
-0.38029,1.5168,-0.68206
0.23691,0.11308,0.062975
1.1313,-0.026092,0.011353
1.1479,0.53997,-0.36501
1.6534,0.19909,0.7185
1.3515,0.42952,-1.1766
-0.99542,0.82125,-0.77349
1.2075,0.93301,0.39573
-0.87788,-0.12126,-0.77861
-0.77612,0.37248,0.83894
1.1994,1.4657,-0.75284
-0.62232,0.5413,0.52324
-0.9935,1.325,1.0772
0.88738,-0.088814,-1.2378
0.16909,1.5279,-1.4679
-0.18969,0.085362,-1.3575
0.47608,1.2198,1.213
1.6679,0.56745,0.19851
2.0208,1.1955,-0.67056
2.0653,1.2841,1.2447
1.3439,1.195,-1.1517
-0.19939,-0.11966,-1.1119
1.9553,1.0762,1.4586
-0.70723,0.78188,0.76079
1.1484,0.31938,-1.5568
0.77471,0.55663,-0.53265
1.4519,-0.19119,-1.0625
0.52048,0.42254,0.30386
-0.0331,1.3163,0.70285
1.5331,1.5512,-1.4415
0.61454,0.46555,-0.99137
0.036962,0.97957,0.78126
0.63629,-0.25511,0.51098
-0.25189,1.4355,-1.3895
1.2897,-0.25725,0.5312
1.4179,0.86802,-0.063967
0.26129,0.41386,1.065
1.8876,0.52629,1.3217
0.33124,1.4799,0.25382
0.99978,0.35686,1.1796
0.42856,1.4715,-1.1869
-0.55887,0.88716,0.43409
-0.83192,1.2709,-1.3871
0.71707,-0.14354,1.2589
0.64795,-0.25897,0.98417
1.001,-0.17429,-1.2916
0.55978,-0.16096,-1.1252
0.3893,-0.22339,1.1996
0.46013,0.30815,0.15593
0.99986,-0.25193,1.0176
0.94765,-0.0023818,0.052948
-0.32853,-0.014906,0.84138
-0.33023,-0.25429,0.75638
0.3601,0.66563,-0.30944
1.4162,0.87433,0.96178
0.32104,0.23597,-1.1205
1.2363,1.2519,-0.069631
1.3585,1.1564,0.10432
0.30977,-0.17135,-0.37738
1.5748,0.35483,-0.57993
1.221,-0.25368,1.5575
-0.33004,-0.0248,-0.22189
-0.83875,1.406,-0.81417
-0.16502,-0.12728,-0.74314
1.6286,1.3135,1.3009
1.4302,1.4564,-1.2501
1.7813,1.2363,-0.50084
0.12365,0.40868,1.2268
1.0943,-0.32715,-0.83566
0.0043463,-0.076793,-0.38106
1.8692,0.73355,-1.069
1.811,1.4331,-1.1072
0.972,0.88422,-0.2588
0.15636,-0.31308,0.11537
0.68502,1.5222,1.0952
-0.17475,-0.19451,-1.5473
0.44256,1.1766,-0.63792
-0.34992,-0.1595,-1.1019
0.42217,0.18046,0.20902
1.4802,0.76543,0.66959
0.81443,0.64549,1.3433
